#
# There is insufficient memory for the Java Runtime Environment to continue.
# Native memory allocation (mmap) failed to map 10764288 bytes. Error detail: G1 virtual space
# Possible reasons:
#   The system is out of physical RAM or swap space
#   This process is running with CompressedOops enabled, and the Java Heap may be blocking the growth of the native heap
# Possible solutions:
#   Reduce memory load on the system
#   Increase physical memory or swap space
#   Check if swap backing store is full
#   Decrease Java heap size (-Xmx/-Xms)
#   Decrease number of Java threads
#   Decrease Java thread stack sizes (-Xss)
#   Set larger code cache with -XX:ReservedCodeCacheSize=
#   JVM is running with Unscaled Compressed Oops mode in which the Java heap is
#     placed in the first 4GB address space. The Java Heap base address is the
#     maximum limit for the native heap growth. Please use -XX:HeapBaseMinAddress
#     to set the Java Heap base and to place the Java Heap above 4GB virtual address.
# This output file may be truncated or incomplete.
#
#  Out of Memory Error (os_windows.cpp:3714), pid=5936, tid=23900
#
# JRE version: OpenJDK Runtime Environment Temurin-21.0.10+7 (21.0.10+7) (build 21.0.10+7-LTS)
# Java VM: OpenJDK 64-Bit Server VM Temurin-21.0.10+7 (21.0.10+7-LTS, mixed mode, sharing, tiered, compressed oops, compressed class ptrs, g1 gc, windows-amd64)
# No core dump will be written. Minidumps are not enabled by default on client versions of Windows
#

---------------  S U M M A R Y ------------

Command Line: -XX:+ShowCodeDetailsInExceptionMessages com.simgan.SimganDemoApplication

Host: Intel(R) Core(TM) i5-10300H CPU @ 2.50GHz, 8 cores, 7G,  Windows 11 , 64 bit Build 26100 (10.0.26100.7920)
Time: Mon Mar 23 16:53:01 2026 Hora est. Pacífico, Sudamérica elapsed time: 368.495953 seconds (0d 0h 6m 8s)

---------------  T H R E A D  ---------------

Current thread (0x00000209feb992e0):  VMThread "VM Thread"          [id=23900, stack(0x000000da48f00000,0x000000da49000000) (1024K)]

Stack: [0x000000da48f00000,0x000000da49000000]
Native frames: (J=compiled Java code, j=interpreted, Vv=VM code, C=native code)
V  [jvm.dll+0x6d7a39]
V  [jvm.dll+0x8b4b26]
V  [jvm.dll+0x8b70de]
V  [jvm.dll+0x8b77c3]
V  [jvm.dll+0x284346]
V  [jvm.dll+0x6d4355]
V  [jvm.dll+0x6c808a]
V  [jvm.dll+0x35edb8]
V  [jvm.dll+0x3669f6]
V  [jvm.dll+0x3b7b13]
V  [jvm.dll+0x3b7da8]
V  [jvm.dll+0x332fbc]
V  [jvm.dll+0x333047]
V  [jvm.dll+0x376e1c]
V  [jvm.dll+0x3755be]
V  [jvm.dll+0x332701]
V  [jvm.dll+0x374c2a]
V  [jvm.dll+0x8bd4b0]
V  [jvm.dll+0x8be824]
V  [jvm.dll+0x8bed50]
V  [jvm.dll+0x8beff3]
V  [jvm.dll+0x85f59d]
V  [jvm.dll+0x6d626d]
C  [ucrtbase.dll+0x37b0]
C  [KERNEL32.DLL+0x2e8d7]
C  [ntdll.dll+0x8c48c]

VM_Operation (0x000000da4bafedb0): G1CollectForAllocation, mode: safepoint, requested by thread 0x00000209dec37f10


---------------  P R O C E S S  ---------------

Threads class SMR info:
_java_thread_list=0x00000209d8dc4620, length=34, elements={
0x00000209febbb030, 0x00000209febbe610, 0x00000209febbfd90, 0x00000209febc07f0,
0x00000209febc3260, 0x00000209febc3cc0, 0x00000209febc4a50, 0x00000209febcb060,
0x00000209d8155730, 0x00000209d8167d90, 0x00000209d95ef6a0, 0x00000209d95ef010,
0x00000209d8091bf0, 0x00000209d8092280, 0x00000209d8091560, 0x00000209d8095d90,
0x00000209d8092910, 0x00000209d8096420, 0x00000209d8095070, 0x00000209d8093630,
0x00000209d8096ab0, 0x00000209d8097140, 0x00000209d8093cc0, 0x00000209d80977d0,
0x00000209d8097e60, 0x00000209d80984f0, 0x00000209d95efd30, 0x00000209dec336e0,
0x00000209dec371f0, 0x00000209dec37f10, 0x00000209dec35e40, 0x00000209dec36b60,
0x00000209dec308f0, 0x00000209dec33d70
}

Java Threads: ( => current thread )
  0x00000209febbb030 JavaThread "Reference Handler"          daemon [_thread_blocked, id=15980, stack(0x000000da49000000,0x000000da49100000) (1024K)]
  0x00000209febbe610 JavaThread "Finalizer"                  daemon [_thread_blocked, id=8392, stack(0x000000da49100000,0x000000da49200000) (1024K)]
  0x00000209febbfd90 JavaThread "Signal Dispatcher"          daemon [_thread_blocked, id=20276, stack(0x000000da49200000,0x000000da49300000) (1024K)]
  0x00000209febc07f0 JavaThread "Attach Listener"            daemon [_thread_blocked, id=8720, stack(0x000000da49300000,0x000000da49400000) (1024K)]
  0x00000209febc3260 JavaThread "Service Thread"             daemon [_thread_blocked, id=26568, stack(0x000000da49400000,0x000000da49500000) (1024K)]
  0x00000209febc3cc0 JavaThread "Monitor Deflation Thread"   daemon [_thread_blocked, id=23512, stack(0x000000da49500000,0x000000da49600000) (1024K)]
  0x00000209febc4a50 JavaThread "C2 CompilerThread0"         daemon [_thread_blocked, id=22208, stack(0x000000da49600000,0x000000da49700000) (1024K)]
  0x00000209febcb060 JavaThread "C1 CompilerThread0"         daemon [_thread_blocked, id=21608, stack(0x000000da49700000,0x000000da49800000) (1024K)]
  0x00000209d8155730 JavaThread "Notification Thread"        daemon [_thread_blocked, id=8304, stack(0x000000da49800000,0x000000da49900000) (1024K)]
  0x00000209d8167d90 JavaThread "Common-Cleaner"             daemon [_thread_blocked, id=10296, stack(0x000000da49900000,0x000000da49a00000) (1024K)]
  0x00000209d95ef6a0 JavaThread "PostgreSQL-JDBC-Cleaner"    daemon [_thread_blocked, id=26104, stack(0x000000da4a500000,0x000000da4a600000) (1024K)]
  0x00000209d95ef010 JavaThread "HikariPool-1 housekeeper"   daemon [_thread_blocked, id=21640, stack(0x000000da4a600000,0x000000da4a700000) (1024K)]
  0x00000209d8091bf0 JavaThread "Catalina-utility-1"                [_thread_blocked, id=17300, stack(0x000000da4a800000,0x000000da4a900000) (1024K)]
  0x00000209d8092280 JavaThread "Catalina-utility-2"                [_thread_blocked, id=11156, stack(0x000000da4a900000,0x000000da4aa00000) (1024K)]
  0x00000209d8091560 JavaThread "container-0"                       [_thread_blocked, id=14768, stack(0x000000da4aa00000,0x000000da4ab00000) (1024K)]
  0x00000209d8095d90 JavaThread "http-nio-8080-exec-1"       daemon [_thread_blocked, id=11944, stack(0x000000da4ab00000,0x000000da4ac00000) (1024K)]
  0x00000209d8092910 JavaThread "http-nio-8080-exec-2"       daemon [_thread_blocked, id=5132, stack(0x000000da4ac00000,0x000000da4ad00000) (1024K)]
  0x00000209d8096420 JavaThread "http-nio-8080-exec-3"       daemon [_thread_blocked, id=20328, stack(0x000000da4ad00000,0x000000da4ae00000) (1024K)]
  0x00000209d8095070 JavaThread "http-nio-8080-exec-4"       daemon [_thread_blocked, id=1144, stack(0x000000da4ae00000,0x000000da4af00000) (1024K)]
  0x00000209d8093630 JavaThread "http-nio-8080-exec-5"       daemon [_thread_blocked, id=11252, stack(0x000000da4af00000,0x000000da4b000000) (1024K)]
  0x00000209d8096ab0 JavaThread "http-nio-8080-exec-6"       daemon [_thread_blocked, id=24356, stack(0x000000da4b000000,0x000000da4b100000) (1024K)]
  0x00000209d8097140 JavaThread "http-nio-8080-exec-7"       daemon [_thread_blocked, id=25336, stack(0x000000da4b100000,0x000000da4b200000) (1024K)]
  0x00000209d8093cc0 JavaThread "http-nio-8080-exec-8"       daemon [_thread_blocked, id=14328, stack(0x000000da4b200000,0x000000da4b300000) (1024K)]
  0x00000209d80977d0 JavaThread "http-nio-8080-exec-9"       daemon [_thread_blocked, id=9080, stack(0x000000da4b300000,0x000000da4b400000) (1024K)]
  0x00000209d8097e60 JavaThread "http-nio-8080-exec-10"      daemon [_thread_blocked, id=22492, stack(0x000000da4b400000,0x000000da4b500000) (1024K)]
  0x00000209d80984f0 JavaThread "http-nio-8080-Poller"       daemon [_thread_blocked, id=13640, stack(0x000000da4b500000,0x000000da4b600000) (1024K)]
  0x00000209d95efd30 JavaThread "http-nio-8080-Acceptor"     daemon [_thread_in_native, id=25228, stack(0x000000da4b600000,0x000000da4b700000) (1024K)]
  0x00000209dec336e0 JavaThread "DestroyJavaVM"                     [_thread_blocked, id=21264, stack(0x000000da48800000,0x000000da48900000) (1024K)]
  0x00000209dec371f0 JavaThread "OkHttp api.planet.com"      daemon [_thread_in_native, id=26284, stack(0x000000da4b800000,0x000000da4b900000) (1024K)]
  0x00000209dec37f10 JavaThread "OkHttp link.planet.com"     daemon [_thread_blocked, id=7860, stack(0x000000da4ba00000,0x000000da4bb00000) (1024K)]
  0x00000209dec35e40 JavaThread "Okio Watchdog"              daemon [_thread_blocked, id=20748, stack(0x000000da4bc00000,0x000000da4bd00000) (1024K)]
  0x00000209dec36b60 JavaThread "OkHttp TaskRunner"          daemon [_thread_blocked, id=11832, stack(0x000000da48500000,0x000000da48600000) (1024K)]
  0x00000209dec308f0 JavaThread "OkHttp TaskRunner"          daemon [_thread_blocked, id=4440, stack(0x000000da48600000,0x000000da48700000) (1024K)]
  0x00000209dec33d70 JavaThread "OkHttp TaskRunner"          daemon [_thread_blocked, id=5296, stack(0x000000da48700000,0x000000da48800000) (1024K)]
Total: 34

Other Threads:
=>0x00000209feb992e0 VMThread "VM Thread"                           [id=23900, stack(0x000000da48f00000,0x000000da49000000) (1024K)]
  0x00000209feb84c00 WatcherThread "VM Periodic Task Thread"        [id=15680, stack(0x000000da48e00000,0x000000da48f00000) (1024K)]
  0x00000209fa4950a0 WorkerThread "GC Thread#0"                     [id=1688, stack(0x000000da48900000,0x000000da48a00000) (1024K)]
  0x00000209d9207ad0 WorkerThread "GC Thread#1"                     [id=4492, stack(0x000000da49c00000,0x000000da49d00000) (1024K)]
  0x00000209d9207e80 WorkerThread "GC Thread#2"                     [id=11584, stack(0x000000da49d00000,0x000000da49e00000) (1024K)]
  0x00000209d9208230 WorkerThread "GC Thread#3"                     [id=24472, stack(0x000000da49e00000,0x000000da49f00000) (1024K)]
  0x00000209d92085e0 WorkerThread "GC Thread#4"                     [id=13700, stack(0x000000da49f00000,0x000000da4a000000) (1024K)]
  0x00000209d9207370 WorkerThread "GC Thread#5"                     [id=20952, stack(0x000000da4a100000,0x000000da4a200000) (1024K)]
  0x00000209d9207720 WorkerThread "GC Thread#6"                     [id=25624, stack(0x000000da4a200000,0x000000da4a300000) (1024K)]
  0x00000209d96b5e70 WorkerThread "GC Thread#7"                     [id=3292, stack(0x000000da4a300000,0x000000da4a400000) (1024K)]
  0x00000209fa4a5aa0 ConcurrentGCThread "G1 Main Marker"            [id=2168, stack(0x000000da48a00000,0x000000da48b00000) (1024K)]
  0x00000209fa4a64c0 WorkerThread "G1 Conc#0"                       [id=16252, stack(0x000000da48b00000,0x000000da48c00000) (1024K)]
  0x00000209d96b6220 WorkerThread "G1 Conc#1"                       [id=20924, stack(0x000000da4a000000,0x000000da4a100000) (1024K)]
  0x00000209fea319e0 ConcurrentGCThread "G1 Refine#0"               [id=14080, stack(0x000000da48c00000,0x000000da48d00000) (1024K)]
  0x00000209fea34f10 ConcurrentGCThread "G1 Service"                [id=17496, stack(0x000000da48d00000,0x000000da48e00000) (1024K)]
Total: 15

Threads with active compile tasks:
Total: 0

VM state: at safepoint (normal execution)

VM Mutex/Monitor currently owned by a thread:  ([mutex/lock_event])
[0x00007fffffefe560] Threads_lock - owner thread: 0x00000209feb992e0
[0x00007fffffefe660] Heap_lock - owner thread: 0x00000209dec37f10

Heap address: 0x0000000082800000, size: 2008 MB, Compressed Oops mode: 32-bit

CDS archive(s) mapped at: [0x0000020993000000-0x0000020993ba0000-0x0000020993ba0000), size 12189696, SharedBaseAddress: 0x0000020993000000, ArchiveRelocationMode: 1.
Compressed class space mapped at: 0x0000020994000000-0x00000209d4000000, reserved size: 1073741824
Narrow klass base: 0x0000020993000000, Narrow klass shift: 0, Narrow klass range: 0x100000000

GC Precious Log:
 CardTable entry size: 512
 Card Set container configuration: InlinePtr #cards 5 size 8 Array Of Cards #cards 12 size 40 Howl #buckets 4 coarsen threshold 1843 Howl Bitmap #cards 512 size 80 coarsen threshold 460 Card regions per heap region 1 cards per card region 2048
 CPUs: 8 total, 8 available
 Memory: 8029M
 Large Page Support: Disabled
 NUMA Support: Disabled
 Compressed Oops: Enabled (32-bit)
 Heap Region Size: 1M
 Heap Min Capacity: 8M
 Heap Initial Capacity: 126M
 Heap Max Capacity: 2008M
 Pre-touch: Disabled
 Parallel Workers: 8
 Concurrent Workers: 2
 Concurrent Refinement Workers: 8
 Periodic GC: Disabled

Heap:
 garbage-first heap   total 374784K, used 56059K [0x0000000082800000, 0x0000000100000000)
  region size 1024K, 3 young (3072K), 3 survivors (3072K)
 Metaspace       used 92873K, committed 93696K, reserved 1179648K
  class space    used 12605K, committed 12992K, reserved 1048576K

Heap Regions: E=young(eden), S=young(survivor), O=old, HS=humongous(starts), HC=humongous(continues), CS=collection set, F=free, TAMS=top-at-mark-start, PB=parsable bottom
|   0|0x0000000082800000, 0x0000000082900000, 0x0000000082900000|100%|HS|  |TAMS 0x0000000082800000| PB 0x0000000082800000| Complete 
|   1|0x0000000082900000, 0x0000000082a00000, 0x0000000082a00000|100%| O|  |TAMS 0x0000000082900000| PB 0x0000000082900000| Untracked 
|   2|0x0000000082a00000, 0x0000000082b00000, 0x0000000082b00000|100%| O|  |TAMS 0x0000000082a00000| PB 0x0000000082a00000| Untracked 
|   3|0x0000000082b00000, 0x0000000082c00000, 0x0000000082c00000|100%| O|  |TAMS 0x0000000082b00000| PB 0x0000000082b00000| Untracked 
|   4|0x0000000082c00000, 0x0000000082d00000, 0x0000000082d00000|100%| O|  |TAMS 0x0000000082c00000| PB 0x0000000082c00000| Untracked 
|   5|0x0000000082d00000, 0x0000000082e00000, 0x0000000082e00000|100%| O|  |TAMS 0x0000000082d00000| PB 0x0000000082d00000| Untracked 
|   6|0x0000000082e00000, 0x0000000082f00000, 0x0000000082f00000|100%| O|  |TAMS 0x0000000082e00000| PB 0x0000000082e00000| Untracked 
|   7|0x0000000082f00000, 0x0000000083000000, 0x0000000083000000|100%| O|  |TAMS 0x0000000082f00000| PB 0x0000000082f00000| Untracked 
|   8|0x0000000083000000, 0x0000000083100000, 0x0000000083100000|100%| O|  |TAMS 0x0000000083000000| PB 0x0000000083000000| Untracked 
|   9|0x0000000083100000, 0x0000000083200000, 0x0000000083200000|100%| O|  |TAMS 0x0000000083100000| PB 0x0000000083100000| Untracked 
|  10|0x0000000083200000, 0x0000000083300000, 0x0000000083300000|100%| O|  |TAMS 0x0000000083200000| PB 0x0000000083200000| Untracked 
|  11|0x0000000083300000, 0x0000000083400000, 0x0000000083400000|100%| O|  |TAMS 0x0000000083300000| PB 0x0000000083300000| Untracked 
|  12|0x0000000083400000, 0x0000000083500000, 0x0000000083500000|100%| O|  |TAMS 0x0000000083400000| PB 0x0000000083400000| Untracked 
|  13|0x0000000083500000, 0x0000000083600000, 0x0000000083600000|100%| O|  |TAMS 0x0000000083500000| PB 0x0000000083500000| Untracked 
|  14|0x0000000083600000, 0x0000000083700000, 0x0000000083700000|100%| O|  |TAMS 0x0000000083600000| PB 0x0000000083600000| Untracked 
|  15|0x0000000083700000, 0x0000000083800000, 0x0000000083800000|100%| O|  |TAMS 0x0000000083700000| PB 0x0000000083700000| Untracked 
|  16|0x0000000083800000, 0x0000000083900000, 0x0000000083900000|100%| O|  |TAMS 0x0000000083800000| PB 0x0000000083800000| Untracked 
|  17|0x0000000083900000, 0x0000000083a00000, 0x0000000083a00000|100%| O|  |TAMS 0x0000000083900000| PB 0x0000000083900000| Untracked 
|  18|0x0000000083a00000, 0x0000000083b00000, 0x0000000083b00000|100%| O|  |TAMS 0x0000000083a00000| PB 0x0000000083a00000| Untracked 
|  19|0x0000000083b00000, 0x0000000083c00000, 0x0000000083c00000|100%| O|  |TAMS 0x0000000083b00000| PB 0x0000000083b00000| Untracked 
|  20|0x0000000083c00000, 0x0000000083d00000, 0x0000000083d00000|100%| O|  |TAMS 0x0000000083c00000| PB 0x0000000083c00000| Untracked 
|  21|0x0000000083d00000, 0x0000000083e00000, 0x0000000083e00000|100%| O|  |TAMS 0x0000000083d00000| PB 0x0000000083d00000| Untracked 
|  22|0x0000000083e00000, 0x0000000083f00000, 0x0000000083f00000|100%| O|  |TAMS 0x0000000083e00000| PB 0x0000000083e00000| Untracked 
|  23|0x0000000083f00000, 0x0000000084000000, 0x0000000084000000|100%| O|  |TAMS 0x0000000083f00000| PB 0x0000000083f00000| Untracked 
|  24|0x0000000084000000, 0x0000000084100000, 0x0000000084100000|100%| O|  |TAMS 0x0000000084000000| PB 0x0000000084000000| Untracked 
|  25|0x0000000084100000, 0x0000000084200000, 0x0000000084200000|100%| O|  |TAMS 0x0000000084100000| PB 0x0000000084100000| Untracked 
|  26|0x0000000084200000, 0x0000000084300000, 0x0000000084300000|100%| O|  |TAMS 0x0000000084200000| PB 0x0000000084200000| Untracked 
|  27|0x0000000084300000, 0x0000000084400000, 0x0000000084400000|100%| O|  |TAMS 0x0000000084300000| PB 0x0000000084300000| Untracked 
|  28|0x0000000084400000, 0x0000000084500000, 0x0000000084500000|100%| O|  |TAMS 0x0000000084400000| PB 0x0000000084400000| Untracked 
|  29|0x0000000084500000, 0x0000000084600000, 0x0000000084600000|100%| O|  |TAMS 0x0000000084500000| PB 0x0000000084500000| Untracked 
|  30|0x0000000084600000, 0x0000000084700000, 0x0000000084700000|100%| O|  |TAMS 0x0000000084600000| PB 0x0000000084600000| Untracked 
|  31|0x0000000084700000, 0x0000000084800000, 0x0000000084800000|100%| O|  |TAMS 0x0000000084700000| PB 0x0000000084700000| Untracked 
|  32|0x0000000084800000, 0x0000000084900000, 0x0000000084900000|100%| O|  |TAMS 0x0000000084800000| PB 0x0000000084800000| Untracked 
|  33|0x0000000084900000, 0x0000000084a00000, 0x0000000084a00000|100%| O|  |TAMS 0x0000000084900000| PB 0x0000000084900000| Untracked 
|  34|0x0000000084a00000, 0x0000000084b00000, 0x0000000084b00000|100%| O|  |TAMS 0x0000000084a00000| PB 0x0000000084a00000| Untracked 
|  35|0x0000000084b00000, 0x0000000084c00000, 0x0000000084c00000|100%| O|  |TAMS 0x0000000084b00000| PB 0x0000000084b00000| Untracked 
|  36|0x0000000084c00000, 0x0000000084d00000, 0x0000000084d00000|100%| O|  |TAMS 0x0000000084c00000| PB 0x0000000084c00000| Untracked 
|  37|0x0000000084d00000, 0x0000000084e00000, 0x0000000084e00000|100%| O|  |TAMS 0x0000000084d00000| PB 0x0000000084d00000| Untracked 
|  38|0x0000000084e00000, 0x0000000084f00000, 0x0000000084f00000|100%| O|  |TAMS 0x0000000084e00000| PB 0x0000000084e00000| Untracked 
|  39|0x0000000084f00000, 0x0000000085000000, 0x0000000085000000|100%| O|  |TAMS 0x0000000084f00000| PB 0x0000000084f00000| Untracked 
|  40|0x0000000085000000, 0x0000000085100000, 0x0000000085100000|100%| O|  |TAMS 0x0000000085000000| PB 0x0000000085000000| Untracked 
|  41|0x0000000085100000, 0x0000000085200000, 0x0000000085200000|100%| O|  |TAMS 0x0000000085100000| PB 0x0000000085100000| Untracked 
|  42|0x0000000085200000, 0x0000000085300000, 0x0000000085300000|100%| O|  |TAMS 0x0000000085200000| PB 0x0000000085200000| Untracked 
|  43|0x0000000085300000, 0x0000000085400000, 0x0000000085400000|100%| O|  |TAMS 0x0000000085300000| PB 0x0000000085300000| Untracked 
|  44|0x0000000085400000, 0x0000000085500000, 0x0000000085500000|100%| O|  |TAMS 0x0000000085400000| PB 0x0000000085400000| Untracked 
|  45|0x0000000085500000, 0x0000000085600000, 0x0000000085600000|100%| O|  |TAMS 0x0000000085500000| PB 0x0000000085500000| Untracked 
|  46|0x0000000085600000, 0x0000000085700000, 0x0000000085700000|100%| O|  |TAMS 0x0000000085600000| PB 0x0000000085600000| Untracked 
|  47|0x0000000085700000, 0x0000000085800000, 0x0000000085800000|100%| O|  |TAMS 0x0000000085700000| PB 0x0000000085700000| Untracked 
|  48|0x0000000085800000, 0x0000000085900000, 0x0000000085900000|100%| O|  |TAMS 0x0000000085800000| PB 0x0000000085800000| Untracked 
|  49|0x0000000085900000, 0x00000000859bee00, 0x0000000085a00000| 74%| O|  |TAMS 0x0000000085900000| PB 0x0000000085900000| Untracked 
|  50|0x0000000085a00000, 0x0000000085b00000, 0x0000000085b00000|100%| O|  |TAMS 0x0000000085a00000| PB 0x0000000085a00000| Untracked 
|  51|0x0000000085b00000, 0x0000000085c00000, 0x0000000085c00000|100%| O|  |TAMS 0x0000000085b00000| PB 0x0000000085b00000| Untracked 
|  52|0x0000000085c00000, 0x0000000085c00000, 0x0000000085d00000|  0%| F|  |TAMS 0x0000000085c00000| PB 0x0000000085c00000| Untracked 
|  53|0x0000000085d00000, 0x0000000085d00000, 0x0000000085e00000|  0%| F|  |TAMS 0x0000000085d00000| PB 0x0000000085d00000| Untracked 
|  54|0x0000000085e00000, 0x0000000085e00000, 0x0000000085f00000|  0%| F|  |TAMS 0x0000000085e00000| PB 0x0000000085e00000| Untracked 
|  55|0x0000000085f00000, 0x0000000085f00000, 0x0000000086000000|  0%| F|  |TAMS 0x0000000085f00000| PB 0x0000000085f00000| Untracked 
|  56|0x0000000086000000, 0x0000000086000000, 0x0000000086100000|  0%| F|  |TAMS 0x0000000086000000| PB 0x0000000086000000| Untracked 
|  57|0x0000000086100000, 0x0000000086100000, 0x0000000086200000|  0%| F|  |TAMS 0x0000000086100000| PB 0x0000000086100000| Untracked 
|  58|0x0000000086200000, 0x0000000086200000, 0x0000000086300000|  0%| F|  |TAMS 0x0000000086200000| PB 0x0000000086200000| Untracked 
|  59|0x0000000086300000, 0x0000000086300000, 0x0000000086400000|  0%| F|  |TAMS 0x0000000086300000| PB 0x0000000086300000| Untracked 
|  60|0x0000000086400000, 0x0000000086400000, 0x0000000086500000|  0%| F|  |TAMS 0x0000000086400000| PB 0x0000000086400000| Untracked 
|  61|0x0000000086500000, 0x0000000086500000, 0x0000000086600000|  0%| F|  |TAMS 0x0000000086500000| PB 0x0000000086500000| Untracked 
|  62|0x0000000086600000, 0x0000000086600000, 0x0000000086700000|  0%| F|  |TAMS 0x0000000086600000| PB 0x0000000086600000| Untracked 
|  63|0x0000000086700000, 0x0000000086700000, 0x0000000086800000|  0%| F|  |TAMS 0x0000000086700000| PB 0x0000000086700000| Untracked 
|  64|0x0000000086800000, 0x0000000086800000, 0x0000000086900000|  0%| F|  |TAMS 0x0000000086800000| PB 0x0000000086800000| Untracked 
|  65|0x0000000086900000, 0x0000000086900000, 0x0000000086a00000|  0%| F|  |TAMS 0x0000000086900000| PB 0x0000000086900000| Untracked 
|  66|0x0000000086a00000, 0x0000000086a00000, 0x0000000086b00000|  0%| F|  |TAMS 0x0000000086a00000| PB 0x0000000086a00000| Untracked 
|  67|0x0000000086b00000, 0x0000000086b00000, 0x0000000086c00000|  0%| F|  |TAMS 0x0000000086b00000| PB 0x0000000086b00000| Untracked 
|  68|0x0000000086c00000, 0x0000000086c00000, 0x0000000086d00000|  0%| F|  |TAMS 0x0000000086c00000| PB 0x0000000086c00000| Untracked 
|  69|0x0000000086d00000, 0x0000000086d00000, 0x0000000086e00000|  0%| F|  |TAMS 0x0000000086d00000| PB 0x0000000086d00000| Untracked 
|  70|0x0000000086e00000, 0x0000000086e00000, 0x0000000086f00000|  0%| F|  |TAMS 0x0000000086e00000| PB 0x0000000086e00000| Untracked 
|  71|0x0000000086f00000, 0x0000000086f00000, 0x0000000087000000|  0%| F|  |TAMS 0x0000000086f00000| PB 0x0000000086f00000| Untracked 
|  72|0x0000000087000000, 0x0000000087000000, 0x0000000087100000|  0%| F|  |TAMS 0x0000000087000000| PB 0x0000000087000000| Untracked 
|  73|0x0000000087100000, 0x0000000087100000, 0x0000000087200000|  0%| F|  |TAMS 0x0000000087100000| PB 0x0000000087100000| Untracked 
|  74|0x0000000087200000, 0x0000000087200000, 0x0000000087300000|  0%| F|  |TAMS 0x0000000087200000| PB 0x0000000087200000| Untracked 
|  75|0x0000000087300000, 0x0000000087300000, 0x0000000087400000|  0%| F|  |TAMS 0x0000000087300000| PB 0x0000000087300000| Untracked 
|  76|0x0000000087400000, 0x0000000087400000, 0x0000000087500000|  0%| F|  |TAMS 0x0000000087400000| PB 0x0000000087400000| Untracked 
|  77|0x0000000087500000, 0x0000000087500000, 0x0000000087600000|  0%| F|  |TAMS 0x0000000087500000| PB 0x0000000087500000| Untracked 
|  78|0x0000000087600000, 0x0000000087600000, 0x0000000087700000|  0%| F|  |TAMS 0x0000000087600000| PB 0x0000000087600000| Untracked 
|  79|0x0000000087700000, 0x0000000087700000, 0x0000000087800000|  0%| F|  |TAMS 0x0000000087700000| PB 0x0000000087700000| Untracked 
|  80|0x0000000087800000, 0x0000000087800000, 0x0000000087900000|  0%| F|  |TAMS 0x0000000087800000| PB 0x0000000087800000| Untracked 
|  81|0x0000000087900000, 0x0000000087900000, 0x0000000087a00000|  0%| F|  |TAMS 0x0000000087900000| PB 0x0000000087900000| Untracked 
|  82|0x0000000087a00000, 0x0000000087a00000, 0x0000000087b00000|  0%| F|  |TAMS 0x0000000087a00000| PB 0x0000000087a00000| Untracked 
|  83|0x0000000087b00000, 0x0000000087b00000, 0x0000000087c00000|  0%| F|  |TAMS 0x0000000087b00000| PB 0x0000000087b00000| Untracked 
|  84|0x0000000087c00000, 0x0000000087c00000, 0x0000000087d00000|  0%| F|  |TAMS 0x0000000087c00000| PB 0x0000000087c00000| Untracked 
|  85|0x0000000087d00000, 0x0000000087d00000, 0x0000000087e00000|  0%| F|  |TAMS 0x0000000087d00000| PB 0x0000000087d00000| Untracked 
|  86|0x0000000087e00000, 0x0000000087e00000, 0x0000000087f00000|  0%| F|  |TAMS 0x0000000087e00000| PB 0x0000000087e00000| Untracked 
|  87|0x0000000087f00000, 0x0000000087f00000, 0x0000000088000000|  0%| F|  |TAMS 0x0000000087f00000| PB 0x0000000087f00000| Untracked 
|  88|0x0000000088000000, 0x0000000088000000, 0x0000000088100000|  0%| F|  |TAMS 0x0000000088000000| PB 0x0000000088000000| Untracked 
|  89|0x0000000088100000, 0x0000000088100000, 0x0000000088200000|  0%| F|  |TAMS 0x0000000088100000| PB 0x0000000088100000| Untracked 
|  90|0x0000000088200000, 0x0000000088200000, 0x0000000088300000|  0%| F|  |TAMS 0x0000000088200000| PB 0x0000000088200000| Untracked 
|  91|0x0000000088300000, 0x0000000088300000, 0x0000000088400000|  0%| F|  |TAMS 0x0000000088300000| PB 0x0000000088300000| Untracked 
|  92|0x0000000088400000, 0x0000000088400000, 0x0000000088500000|  0%| F|  |TAMS 0x0000000088400000| PB 0x0000000088400000| Untracked 
|  93|0x0000000088500000, 0x0000000088500000, 0x0000000088600000|  0%| F|  |TAMS 0x0000000088500000| PB 0x0000000088500000| Untracked 
|  94|0x0000000088600000, 0x0000000088600000, 0x0000000088700000|  0%| F|  |TAMS 0x0000000088600000| PB 0x0000000088600000| Untracked 
|  95|0x0000000088700000, 0x0000000088700000, 0x0000000088800000|  0%| F|  |TAMS 0x0000000088700000| PB 0x0000000088700000| Untracked 
|  96|0x0000000088800000, 0x0000000088800000, 0x0000000088900000|  0%| F|  |TAMS 0x0000000088800000| PB 0x0000000088800000| Untracked 
|  97|0x0000000088900000, 0x0000000088900000, 0x0000000088a00000|  0%| F|  |TAMS 0x0000000088900000| PB 0x0000000088900000| Untracked 
|  98|0x0000000088a00000, 0x0000000088a00000, 0x0000000088b00000|  0%| F|  |TAMS 0x0000000088a00000| PB 0x0000000088a00000| Untracked 
|  99|0x0000000088b00000, 0x0000000088b00000, 0x0000000088c00000|  0%| F|  |TAMS 0x0000000088b00000| PB 0x0000000088b00000| Untracked 
| 100|0x0000000088c00000, 0x0000000088c00000, 0x0000000088d00000|  0%| F|  |TAMS 0x0000000088c00000| PB 0x0000000088c00000| Untracked 
| 101|0x0000000088d00000, 0x0000000088d00000, 0x0000000088e00000|  0%| F|  |TAMS 0x0000000088d00000| PB 0x0000000088d00000| Untracked 
| 102|0x0000000088e00000, 0x0000000088e00000, 0x0000000088f00000|  0%| F|  |TAMS 0x0000000088e00000| PB 0x0000000088e00000| Untracked 
| 103|0x0000000088f00000, 0x0000000088f00000, 0x0000000089000000|  0%| F|  |TAMS 0x0000000088f00000| PB 0x0000000088f00000| Untracked 
| 104|0x0000000089000000, 0x0000000089000000, 0x0000000089100000|  0%| F|  |TAMS 0x0000000089000000| PB 0x0000000089000000| Untracked 
| 105|0x0000000089100000, 0x0000000089100000, 0x0000000089200000|  0%| F|  |TAMS 0x0000000089100000| PB 0x0000000089100000| Untracked 
| 106|0x0000000089200000, 0x0000000089200000, 0x0000000089300000|  0%| F|  |TAMS 0x0000000089200000| PB 0x0000000089200000| Untracked 
| 107|0x0000000089300000, 0x0000000089300000, 0x0000000089400000|  0%| F|  |TAMS 0x0000000089300000| PB 0x0000000089300000| Untracked 
| 108|0x0000000089400000, 0x0000000089400000, 0x0000000089500000|  0%| F|  |TAMS 0x0000000089400000| PB 0x0000000089400000| Untracked 
| 109|0x0000000089500000, 0x0000000089500000, 0x0000000089600000|  0%| F|  |TAMS 0x0000000089500000| PB 0x0000000089500000| Untracked 
| 110|0x0000000089600000, 0x0000000089600000, 0x0000000089700000|  0%| F|  |TAMS 0x0000000089600000| PB 0x0000000089600000| Untracked 
| 111|0x0000000089700000, 0x0000000089700000, 0x0000000089800000|  0%| F|  |TAMS 0x0000000089700000| PB 0x0000000089700000| Untracked 
| 112|0x0000000089800000, 0x0000000089800000, 0x0000000089900000|  0%| F|  |TAMS 0x0000000089800000| PB 0x0000000089800000| Untracked 
| 113|0x0000000089900000, 0x0000000089900000, 0x0000000089a00000|  0%| F|  |TAMS 0x0000000089900000| PB 0x0000000089900000| Untracked 
| 114|0x0000000089a00000, 0x0000000089a00000, 0x0000000089b00000|  0%| F|  |TAMS 0x0000000089a00000| PB 0x0000000089a00000| Untracked 
| 115|0x0000000089b00000, 0x0000000089b00000, 0x0000000089c00000|  0%| F|  |TAMS 0x0000000089b00000| PB 0x0000000089b00000| Untracked 
| 116|0x0000000089c00000, 0x0000000089c00000, 0x0000000089d00000|  0%| F|  |TAMS 0x0000000089c00000| PB 0x0000000089c00000| Untracked 
| 117|0x0000000089d00000, 0x0000000089d00000, 0x0000000089e00000|  0%| F|  |TAMS 0x0000000089d00000| PB 0x0000000089d00000| Untracked 
| 118|0x0000000089e00000, 0x0000000089e00000, 0x0000000089f00000|  0%| F|  |TAMS 0x0000000089e00000| PB 0x0000000089e00000| Untracked 
| 119|0x0000000089f00000, 0x0000000089f00000, 0x000000008a000000|  0%| F|  |TAMS 0x0000000089f00000| PB 0x0000000089f00000| Untracked 
| 120|0x000000008a000000, 0x000000008a000000, 0x000000008a100000|  0%| F|  |TAMS 0x000000008a000000| PB 0x000000008a000000| Untracked 
| 121|0x000000008a100000, 0x000000008a100000, 0x000000008a200000|  0%| F|  |TAMS 0x000000008a100000| PB 0x000000008a100000| Untracked 
| 122|0x000000008a200000, 0x000000008a200000, 0x000000008a300000|  0%| F|  |TAMS 0x000000008a200000| PB 0x000000008a200000| Untracked 
| 123|0x000000008a300000, 0x000000008a300000, 0x000000008a400000|  0%| F|  |TAMS 0x000000008a300000| PB 0x000000008a300000| Untracked 
| 124|0x000000008a400000, 0x000000008a400000, 0x000000008a500000|  0%| F|  |TAMS 0x000000008a400000| PB 0x000000008a400000| Untracked 
| 125|0x000000008a500000, 0x000000008a500000, 0x000000008a600000|  0%| F|  |TAMS 0x000000008a500000| PB 0x000000008a500000| Untracked 
| 126|0x000000008a600000, 0x000000008a600000, 0x000000008a700000|  0%| F|  |TAMS 0x000000008a600000| PB 0x000000008a600000| Untracked 
| 127|0x000000008a700000, 0x000000008a700000, 0x000000008a800000|  0%| F|  |TAMS 0x000000008a700000| PB 0x000000008a700000| Untracked 
| 128|0x000000008a800000, 0x000000008a800000, 0x000000008a900000|  0%| F|  |TAMS 0x000000008a800000| PB 0x000000008a800000| Untracked 
| 129|0x000000008a900000, 0x000000008a900000, 0x000000008aa00000|  0%| F|  |TAMS 0x000000008a900000| PB 0x000000008a900000| Untracked 
| 130|0x000000008aa00000, 0x000000008aa00000, 0x000000008ab00000|  0%| F|  |TAMS 0x000000008aa00000| PB 0x000000008aa00000| Untracked 
| 131|0x000000008ab00000, 0x000000008ab00000, 0x000000008ac00000|  0%| F|  |TAMS 0x000000008ab00000| PB 0x000000008ab00000| Untracked 
| 132|0x000000008ac00000, 0x000000008ac00000, 0x000000008ad00000|  0%| F|  |TAMS 0x000000008ac00000| PB 0x000000008ac00000| Untracked 
| 133|0x000000008ad00000, 0x000000008ad00000, 0x000000008ae00000|  0%| F|  |TAMS 0x000000008ad00000| PB 0x000000008ad00000| Untracked 
| 134|0x000000008ae00000, 0x000000008ae00000, 0x000000008af00000|  0%| F|  |TAMS 0x000000008ae00000| PB 0x000000008ae00000| Untracked 
| 135|0x000000008af00000, 0x000000008af00000, 0x000000008b000000|  0%| F|  |TAMS 0x000000008af00000| PB 0x000000008af00000| Untracked 
| 136|0x000000008b000000, 0x000000008b000000, 0x000000008b100000|  0%| F|  |TAMS 0x000000008b000000| PB 0x000000008b000000| Untracked 
| 137|0x000000008b100000, 0x000000008b100000, 0x000000008b200000|  0%| F|  |TAMS 0x000000008b100000| PB 0x000000008b100000| Untracked 
| 138|0x000000008b200000, 0x000000008b200000, 0x000000008b300000|  0%| F|  |TAMS 0x000000008b200000| PB 0x000000008b200000| Untracked 
| 139|0x000000008b300000, 0x000000008b300000, 0x000000008b400000|  0%| F|  |TAMS 0x000000008b300000| PB 0x000000008b300000| Untracked 
| 140|0x000000008b400000, 0x000000008b400000, 0x000000008b500000|  0%| F|  |TAMS 0x000000008b400000| PB 0x000000008b400000| Untracked 
| 141|0x000000008b500000, 0x000000008b500000, 0x000000008b600000|  0%| F|  |TAMS 0x000000008b500000| PB 0x000000008b500000| Untracked 
| 142|0x000000008b600000, 0x000000008b600000, 0x000000008b700000|  0%| F|  |TAMS 0x000000008b600000| PB 0x000000008b600000| Untracked 
| 143|0x000000008b700000, 0x000000008b700000, 0x000000008b800000|  0%| F|  |TAMS 0x000000008b700000| PB 0x000000008b700000| Untracked 
| 144|0x000000008b800000, 0x000000008b800000, 0x000000008b900000|  0%| F|  |TAMS 0x000000008b800000| PB 0x000000008b800000| Untracked 
| 145|0x000000008b900000, 0x000000008b900000, 0x000000008ba00000|  0%| F|  |TAMS 0x000000008b900000| PB 0x000000008b900000| Untracked 
| 146|0x000000008ba00000, 0x000000008ba00000, 0x000000008bb00000|  0%| F|  |TAMS 0x000000008ba00000| PB 0x000000008ba00000| Untracked 
| 147|0x000000008bb00000, 0x000000008bb00000, 0x000000008bc00000|  0%| F|  |TAMS 0x000000008bb00000| PB 0x000000008bb00000| Untracked 
| 148|0x000000008bc00000, 0x000000008bc00000, 0x000000008bd00000|  0%| F|  |TAMS 0x000000008bc00000| PB 0x000000008bc00000| Untracked 
| 149|0x000000008bd00000, 0x000000008bd00000, 0x000000008be00000|  0%| F|  |TAMS 0x000000008bd00000| PB 0x000000008bd00000| Untracked 
| 150|0x000000008be00000, 0x000000008be00000, 0x000000008bf00000|  0%| F|  |TAMS 0x000000008be00000| PB 0x000000008be00000| Untracked 
| 151|0x000000008bf00000, 0x000000008bf00000, 0x000000008c000000|  0%| F|  |TAMS 0x000000008bf00000| PB 0x000000008bf00000| Untracked 
| 152|0x000000008c000000, 0x000000008c000000, 0x000000008c100000|  0%| F|  |TAMS 0x000000008c000000| PB 0x000000008c000000| Untracked 
| 153|0x000000008c100000, 0x000000008c100000, 0x000000008c200000|  0%| F|  |TAMS 0x000000008c100000| PB 0x000000008c100000| Untracked 
| 154|0x000000008c200000, 0x000000008c200000, 0x000000008c300000|  0%| F|  |TAMS 0x000000008c200000| PB 0x000000008c200000| Untracked 
| 155|0x000000008c300000, 0x000000008c300000, 0x000000008c400000|  0%| F|  |TAMS 0x000000008c300000| PB 0x000000008c300000| Untracked 
| 156|0x000000008c400000, 0x000000008c400000, 0x000000008c500000|  0%| F|  |TAMS 0x000000008c400000| PB 0x000000008c400000| Untracked 
| 157|0x000000008c500000, 0x000000008c500000, 0x000000008c600000|  0%| F|  |TAMS 0x000000008c500000| PB 0x000000008c500000| Untracked 
| 158|0x000000008c600000, 0x000000008c600000, 0x000000008c700000|  0%| F|  |TAMS 0x000000008c600000| PB 0x000000008c600000| Untracked 
| 159|0x000000008c700000, 0x000000008c700000, 0x000000008c800000|  0%| F|  |TAMS 0x000000008c700000| PB 0x000000008c700000| Untracked 
| 160|0x000000008c800000, 0x000000008c800000, 0x000000008c900000|  0%| F|  |TAMS 0x000000008c800000| PB 0x000000008c800000| Untracked 
| 161|0x000000008c900000, 0x000000008c900000, 0x000000008ca00000|  0%| F|  |TAMS 0x000000008c900000| PB 0x000000008c900000| Untracked 
| 162|0x000000008ca00000, 0x000000008ca00000, 0x000000008cb00000|  0%| F|  |TAMS 0x000000008ca00000| PB 0x000000008ca00000| Untracked 
| 163|0x000000008cb00000, 0x000000008cb00000, 0x000000008cc00000|  0%| F|  |TAMS 0x000000008cb00000| PB 0x000000008cb00000| Untracked 
| 164|0x000000008cc00000, 0x000000008cc00000, 0x000000008cd00000|  0%| F|  |TAMS 0x000000008cc00000| PB 0x000000008cc00000| Untracked 
| 165|0x000000008cd00000, 0x000000008cd00000, 0x000000008ce00000|  0%| F|  |TAMS 0x000000008cd00000| PB 0x000000008cd00000| Untracked 
| 166|0x000000008ce00000, 0x000000008ce00000, 0x000000008cf00000|  0%| F|  |TAMS 0x000000008ce00000| PB 0x000000008ce00000| Untracked 
| 167|0x000000008cf00000, 0x000000008cf00000, 0x000000008d000000|  0%| F|  |TAMS 0x000000008cf00000| PB 0x000000008cf00000| Untracked 
| 168|0x000000008d000000, 0x000000008d000000, 0x000000008d100000|  0%| F|  |TAMS 0x000000008d000000| PB 0x000000008d000000| Untracked 
| 169|0x000000008d100000, 0x000000008d100000, 0x000000008d200000|  0%| F|  |TAMS 0x000000008d100000| PB 0x000000008d100000| Untracked 
| 170|0x000000008d200000, 0x000000008d200000, 0x000000008d300000|  0%| F|  |TAMS 0x000000008d200000| PB 0x000000008d200000| Untracked 
| 171|0x000000008d300000, 0x000000008d300000, 0x000000008d400000|  0%| F|  |TAMS 0x000000008d300000| PB 0x000000008d300000| Untracked 
| 172|0x000000008d400000, 0x000000008d400000, 0x000000008d500000|  0%| F|  |TAMS 0x000000008d400000| PB 0x000000008d400000| Untracked 
| 173|0x000000008d500000, 0x000000008d500000, 0x000000008d600000|  0%| F|  |TAMS 0x000000008d500000| PB 0x000000008d500000| Untracked 
| 174|0x000000008d600000, 0x000000008d600000, 0x000000008d700000|  0%| F|  |TAMS 0x000000008d600000| PB 0x000000008d600000| Untracked 
| 175|0x000000008d700000, 0x000000008d700000, 0x000000008d800000|  0%| F|  |TAMS 0x000000008d700000| PB 0x000000008d700000| Untracked 
| 176|0x000000008d800000, 0x000000008d800000, 0x000000008d900000|  0%| F|  |TAMS 0x000000008d800000| PB 0x000000008d800000| Untracked 
| 177|0x000000008d900000, 0x000000008d900000, 0x000000008da00000|  0%| F|  |TAMS 0x000000008d900000| PB 0x000000008d900000| Untracked 
| 178|0x000000008da00000, 0x000000008da00000, 0x000000008db00000|  0%| F|  |TAMS 0x000000008da00000| PB 0x000000008da00000| Untracked 
| 179|0x000000008db00000, 0x000000008db00000, 0x000000008dc00000|  0%| F|  |TAMS 0x000000008db00000| PB 0x000000008db00000| Untracked 
| 180|0x000000008dc00000, 0x000000008dc00000, 0x000000008dd00000|  0%| F|  |TAMS 0x000000008dc00000| PB 0x000000008dc00000| Untracked 
| 181|0x000000008dd00000, 0x000000008dd00000, 0x000000008de00000|  0%| F|  |TAMS 0x000000008dd00000| PB 0x000000008dd00000| Untracked 
| 182|0x000000008de00000, 0x000000008de00000, 0x000000008df00000|  0%| F|  |TAMS 0x000000008de00000| PB 0x000000008de00000| Untracked 
| 183|0x000000008df00000, 0x000000008df00000, 0x000000008e000000|  0%| F|  |TAMS 0x000000008df00000| PB 0x000000008df00000| Untracked 
| 184|0x000000008e000000, 0x000000008e000000, 0x000000008e100000|  0%| F|  |TAMS 0x000000008e000000| PB 0x000000008e000000| Untracked 
| 185|0x000000008e100000, 0x000000008e100000, 0x000000008e200000|  0%| F|  |TAMS 0x000000008e100000| PB 0x000000008e100000| Untracked 
| 186|0x000000008e200000, 0x000000008e200000, 0x000000008e300000|  0%| F|  |TAMS 0x000000008e200000| PB 0x000000008e200000| Untracked 
| 187|0x000000008e300000, 0x000000008e300000, 0x000000008e400000|  0%| F|  |TAMS 0x000000008e300000| PB 0x000000008e300000| Untracked 
| 188|0x000000008e400000, 0x000000008e400000, 0x000000008e500000|  0%| F|  |TAMS 0x000000008e400000| PB 0x000000008e400000| Untracked 
| 189|0x000000008e500000, 0x000000008e500000, 0x000000008e600000|  0%| F|  |TAMS 0x000000008e500000| PB 0x000000008e500000| Untracked 
| 190|0x000000008e600000, 0x000000008e600000, 0x000000008e700000|  0%| F|  |TAMS 0x000000008e600000| PB 0x000000008e600000| Untracked 
| 191|0x000000008e700000, 0x000000008e700000, 0x000000008e800000|  0%| F|  |TAMS 0x000000008e700000| PB 0x000000008e700000| Untracked 
| 192|0x000000008e800000, 0x000000008e800000, 0x000000008e900000|  0%| F|  |TAMS 0x000000008e800000| PB 0x000000008e800000| Untracked 
| 193|0x000000008e900000, 0x000000008e900000, 0x000000008ea00000|  0%| F|  |TAMS 0x000000008e900000| PB 0x000000008e900000| Untracked 
| 194|0x000000008ea00000, 0x000000008ea00000, 0x000000008eb00000|  0%| F|  |TAMS 0x000000008ea00000| PB 0x000000008ea00000| Untracked 
| 195|0x000000008eb00000, 0x000000008eb00000, 0x000000008ec00000|  0%| F|  |TAMS 0x000000008eb00000| PB 0x000000008eb00000| Untracked 
| 196|0x000000008ec00000, 0x000000008ec00000, 0x000000008ed00000|  0%| F|  |TAMS 0x000000008ec00000| PB 0x000000008ec00000| Untracked 
| 197|0x000000008ed00000, 0x000000008ed00000, 0x000000008ee00000|  0%| F|  |TAMS 0x000000008ed00000| PB 0x000000008ed00000| Untracked 
| 198|0x000000008ee00000, 0x000000008ee00000, 0x000000008ef00000|  0%| F|  |TAMS 0x000000008ee00000| PB 0x000000008ee00000| Untracked 
| 199|0x000000008ef00000, 0x000000008ef00000, 0x000000008f000000|  0%| F|  |TAMS 0x000000008ef00000| PB 0x000000008ef00000| Untracked 
| 200|0x000000008f000000, 0x000000008f000000, 0x000000008f100000|  0%| F|  |TAMS 0x000000008f000000| PB 0x000000008f000000| Untracked 
| 201|0x000000008f100000, 0x000000008f100000, 0x000000008f200000|  0%| F|  |TAMS 0x000000008f100000| PB 0x000000008f100000| Untracked 
| 202|0x000000008f200000, 0x000000008f200000, 0x000000008f300000|  0%| F|  |TAMS 0x000000008f200000| PB 0x000000008f200000| Untracked 
| 203|0x000000008f300000, 0x000000008f300000, 0x000000008f400000|  0%| F|  |TAMS 0x000000008f300000| PB 0x000000008f300000| Untracked 
| 204|0x000000008f400000, 0x000000008f400000, 0x000000008f500000|  0%| F|  |TAMS 0x000000008f400000| PB 0x000000008f400000| Untracked 
| 205|0x000000008f500000, 0x000000008f500000, 0x000000008f600000|  0%| F|  |TAMS 0x000000008f500000| PB 0x000000008f500000| Untracked 
| 206|0x000000008f600000, 0x000000008f600000, 0x000000008f700000|  0%| F|  |TAMS 0x000000008f600000| PB 0x000000008f600000| Untracked 
| 207|0x000000008f700000, 0x000000008f700000, 0x000000008f800000|  0%| F|  |TAMS 0x000000008f700000| PB 0x000000008f700000| Untracked 
| 208|0x000000008f800000, 0x000000008f800000, 0x000000008f900000|  0%| F|  |TAMS 0x000000008f800000| PB 0x000000008f800000| Untracked 
| 209|0x000000008f900000, 0x000000008f900000, 0x000000008fa00000|  0%| F|  |TAMS 0x000000008f900000| PB 0x000000008f900000| Untracked 
| 210|0x000000008fa00000, 0x000000008fa00000, 0x000000008fb00000|  0%| F|  |TAMS 0x000000008fa00000| PB 0x000000008fa00000| Untracked 
| 211|0x000000008fb00000, 0x000000008fb00000, 0x000000008fc00000|  0%| F|  |TAMS 0x000000008fb00000| PB 0x000000008fb00000| Untracked 
| 212|0x000000008fc00000, 0x000000008fc00000, 0x000000008fd00000|  0%| F|  |TAMS 0x000000008fc00000| PB 0x000000008fc00000| Untracked 
| 213|0x000000008fd00000, 0x000000008fd00000, 0x000000008fe00000|  0%| F|  |TAMS 0x000000008fd00000| PB 0x000000008fd00000| Untracked 
| 214|0x000000008fe00000, 0x000000008fe00000, 0x000000008ff00000|  0%| F|  |TAMS 0x000000008fe00000| PB 0x000000008fe00000| Untracked 
| 215|0x000000008ff00000, 0x000000008ff00000, 0x0000000090000000|  0%| F|  |TAMS 0x000000008ff00000| PB 0x000000008ff00000| Untracked 
| 216|0x0000000090000000, 0x0000000090000000, 0x0000000090100000|  0%| F|  |TAMS 0x0000000090000000| PB 0x0000000090000000| Untracked 
| 217|0x0000000090100000, 0x0000000090100000, 0x0000000090200000|  0%| F|  |TAMS 0x0000000090100000| PB 0x0000000090100000| Untracked 
| 218|0x0000000090200000, 0x0000000090200000, 0x0000000090300000|  0%| F|  |TAMS 0x0000000090200000| PB 0x0000000090200000| Untracked 
| 219|0x0000000090300000, 0x0000000090300000, 0x0000000090400000|  0%| F|  |TAMS 0x0000000090300000| PB 0x0000000090300000| Untracked 
| 220|0x0000000090400000, 0x0000000090400000, 0x0000000090500000|  0%| F|  |TAMS 0x0000000090400000| PB 0x0000000090400000| Untracked 
| 221|0x0000000090500000, 0x0000000090500000, 0x0000000090600000|  0%| F|  |TAMS 0x0000000090500000| PB 0x0000000090500000| Untracked 
| 222|0x0000000090600000, 0x0000000090600000, 0x0000000090700000|  0%| F|  |TAMS 0x0000000090600000| PB 0x0000000090600000| Untracked 
| 223|0x0000000090700000, 0x0000000090700000, 0x0000000090800000|  0%| F|  |TAMS 0x0000000090700000| PB 0x0000000090700000| Untracked 
| 224|0x0000000090800000, 0x0000000090800000, 0x0000000090900000|  0%| F|  |TAMS 0x0000000090800000| PB 0x0000000090800000| Untracked 
| 225|0x0000000090900000, 0x0000000090900000, 0x0000000090a00000|  0%| F|  |TAMS 0x0000000090900000| PB 0x0000000090900000| Untracked 
| 226|0x0000000090a00000, 0x0000000090a00000, 0x0000000090b00000|  0%| F|  |TAMS 0x0000000090a00000| PB 0x0000000090a00000| Untracked 
| 227|0x0000000090b00000, 0x0000000090b00000, 0x0000000090c00000|  0%| F|  |TAMS 0x0000000090b00000| PB 0x0000000090b00000| Untracked 
| 228|0x0000000090c00000, 0x0000000090c00000, 0x0000000090d00000|  0%| F|  |TAMS 0x0000000090c00000| PB 0x0000000090c00000| Untracked 
| 229|0x0000000090d00000, 0x0000000090d00000, 0x0000000090e00000|  0%| F|  |TAMS 0x0000000090d00000| PB 0x0000000090d00000| Untracked 
| 230|0x0000000090e00000, 0x0000000090e00000, 0x0000000090f00000|  0%| F|  |TAMS 0x0000000090e00000| PB 0x0000000090e00000| Untracked 
| 231|0x0000000090f00000, 0x0000000090f00000, 0x0000000091000000|  0%| F|  |TAMS 0x0000000090f00000| PB 0x0000000090f00000| Untracked 
| 232|0x0000000091000000, 0x0000000091000000, 0x0000000091100000|  0%| F|  |TAMS 0x0000000091000000| PB 0x0000000091000000| Untracked 
| 233|0x0000000091100000, 0x0000000091100000, 0x0000000091200000|  0%| F|  |TAMS 0x0000000091100000| PB 0x0000000091100000| Untracked 
| 234|0x0000000091200000, 0x0000000091200000, 0x0000000091300000|  0%| F|  |TAMS 0x0000000091200000| PB 0x0000000091200000| Untracked 
| 235|0x0000000091300000, 0x0000000091300000, 0x0000000091400000|  0%| F|  |TAMS 0x0000000091300000| PB 0x0000000091300000| Untracked 
| 236|0x0000000091400000, 0x0000000091400000, 0x0000000091500000|  0%| F|  |TAMS 0x0000000091400000| PB 0x0000000091400000| Untracked 
| 237|0x0000000091500000, 0x0000000091500000, 0x0000000091600000|  0%| F|  |TAMS 0x0000000091500000| PB 0x0000000091500000| Untracked 
| 238|0x0000000091600000, 0x0000000091600000, 0x0000000091700000|  0%| F|  |TAMS 0x0000000091600000| PB 0x0000000091600000| Untracked 
| 239|0x0000000091700000, 0x0000000091700000, 0x0000000091800000|  0%| F|  |TAMS 0x0000000091700000| PB 0x0000000091700000| Untracked 
| 240|0x0000000091800000, 0x0000000091800000, 0x0000000091900000|  0%| F|  |TAMS 0x0000000091800000| PB 0x0000000091800000| Untracked 
| 241|0x0000000091900000, 0x0000000091900000, 0x0000000091a00000|  0%| F|  |TAMS 0x0000000091900000| PB 0x0000000091900000| Untracked 
| 242|0x0000000091a00000, 0x0000000091a00000, 0x0000000091b00000|  0%| F|  |TAMS 0x0000000091a00000| PB 0x0000000091a00000| Untracked 
| 243|0x0000000091b00000, 0x0000000091b00000, 0x0000000091c00000|  0%| F|  |TAMS 0x0000000091b00000| PB 0x0000000091b00000| Untracked 
| 244|0x0000000091c00000, 0x0000000091c00000, 0x0000000091d00000|  0%| F|  |TAMS 0x0000000091c00000| PB 0x0000000091c00000| Untracked 
| 245|0x0000000091d00000, 0x0000000091d00000, 0x0000000091e00000|  0%| F|  |TAMS 0x0000000091d00000| PB 0x0000000091d00000| Untracked 
| 246|0x0000000091e00000, 0x0000000091e00000, 0x0000000091f00000|  0%| F|  |TAMS 0x0000000091e00000| PB 0x0000000091e00000| Untracked 
| 247|0x0000000091f00000, 0x0000000091f00000, 0x0000000092000000|  0%| F|  |TAMS 0x0000000091f00000| PB 0x0000000091f00000| Untracked 
| 248|0x0000000092000000, 0x0000000092000000, 0x0000000092100000|  0%| F|  |TAMS 0x0000000092000000| PB 0x0000000092000000| Untracked 
| 249|0x0000000092100000, 0x0000000092100000, 0x0000000092200000|  0%| F|  |TAMS 0x0000000092100000| PB 0x0000000092100000| Untracked 
| 250|0x0000000092200000, 0x0000000092200000, 0x0000000092300000|  0%| F|  |TAMS 0x0000000092200000| PB 0x0000000092200000| Untracked 
| 251|0x0000000092300000, 0x0000000092300000, 0x0000000092400000|  0%| F|  |TAMS 0x0000000092300000| PB 0x0000000092300000| Untracked 
| 252|0x0000000092400000, 0x0000000092400000, 0x0000000092500000|  0%| F|  |TAMS 0x0000000092400000| PB 0x0000000092400000| Untracked 
| 253|0x0000000092500000, 0x0000000092500000, 0x0000000092600000|  0%| F|  |TAMS 0x0000000092500000| PB 0x0000000092500000| Untracked 
| 254|0x0000000092600000, 0x0000000092600000, 0x0000000092700000|  0%| F|  |TAMS 0x0000000092600000| PB 0x0000000092600000| Untracked 
| 255|0x0000000092700000, 0x0000000092700000, 0x0000000092800000|  0%| F|  |TAMS 0x0000000092700000| PB 0x0000000092700000| Untracked 
| 256|0x0000000092800000, 0x0000000092800000, 0x0000000092900000|  0%| F|  |TAMS 0x0000000092800000| PB 0x0000000092800000| Untracked 
| 257|0x0000000092900000, 0x0000000092900000, 0x0000000092a00000|  0%| F|  |TAMS 0x0000000092900000| PB 0x0000000092900000| Untracked 
| 258|0x0000000092a00000, 0x0000000092a00000, 0x0000000092b00000|  0%| F|  |TAMS 0x0000000092a00000| PB 0x0000000092a00000| Untracked 
| 259|0x0000000092b00000, 0x0000000092b00000, 0x0000000092c00000|  0%| F|  |TAMS 0x0000000092b00000| PB 0x0000000092b00000| Untracked 
| 260|0x0000000092c00000, 0x0000000092c00000, 0x0000000092d00000|  0%| F|  |TAMS 0x0000000092c00000| PB 0x0000000092c00000| Untracked 
| 261|0x0000000092d00000, 0x0000000092d00000, 0x0000000092e00000|  0%| F|  |TAMS 0x0000000092d00000| PB 0x0000000092d00000| Untracked 
| 262|0x0000000092e00000, 0x0000000092e00000, 0x0000000092f00000|  0%| F|  |TAMS 0x0000000092e00000| PB 0x0000000092e00000| Untracked 
| 263|0x0000000092f00000, 0x0000000092f00000, 0x0000000093000000|  0%| F|  |TAMS 0x0000000092f00000| PB 0x0000000092f00000| Untracked 
| 264|0x0000000093000000, 0x0000000093000000, 0x0000000093100000|  0%| F|  |TAMS 0x0000000093000000| PB 0x0000000093000000| Untracked 
| 265|0x0000000093100000, 0x0000000093100000, 0x0000000093200000|  0%| F|  |TAMS 0x0000000093100000| PB 0x0000000093100000| Untracked 
| 266|0x0000000093200000, 0x0000000093200000, 0x0000000093300000|  0%| F|  |TAMS 0x0000000093200000| PB 0x0000000093200000| Untracked 
| 267|0x0000000093300000, 0x0000000093300000, 0x0000000093400000|  0%| F|  |TAMS 0x0000000093300000| PB 0x0000000093300000| Untracked 
| 268|0x0000000093400000, 0x0000000093400000, 0x0000000093500000|  0%| F|  |TAMS 0x0000000093400000| PB 0x0000000093400000| Untracked 
| 269|0x0000000093500000, 0x0000000093500000, 0x0000000093600000|  0%| F|  |TAMS 0x0000000093500000| PB 0x0000000093500000| Untracked 
| 270|0x0000000093600000, 0x0000000093600000, 0x0000000093700000|  0%| F|  |TAMS 0x0000000093600000| PB 0x0000000093600000| Untracked 
| 271|0x0000000093700000, 0x0000000093700000, 0x0000000093800000|  0%| F|  |TAMS 0x0000000093700000| PB 0x0000000093700000| Untracked 
| 272|0x0000000093800000, 0x0000000093800000, 0x0000000093900000|  0%| F|  |TAMS 0x0000000093800000| PB 0x0000000093800000| Untracked 
| 273|0x0000000093900000, 0x0000000093900000, 0x0000000093a00000|  0%| F|  |TAMS 0x0000000093900000| PB 0x0000000093900000| Untracked 
| 274|0x0000000093a00000, 0x0000000093a00000, 0x0000000093b00000|  0%| F|  |TAMS 0x0000000093a00000| PB 0x0000000093a00000| Untracked 
| 275|0x0000000093b00000, 0x0000000093b00000, 0x0000000093c00000|  0%| F|  |TAMS 0x0000000093b00000| PB 0x0000000093b00000| Untracked 
| 276|0x0000000093c00000, 0x0000000093c00000, 0x0000000093d00000|  0%| F|  |TAMS 0x0000000093c00000| PB 0x0000000093c00000| Untracked 
| 277|0x0000000093d00000, 0x0000000093d00000, 0x0000000093e00000|  0%| F|  |TAMS 0x0000000093d00000| PB 0x0000000093d00000| Untracked 
| 278|0x0000000093e00000, 0x0000000093e00000, 0x0000000093f00000|  0%| F|  |TAMS 0x0000000093e00000| PB 0x0000000093e00000| Untracked 
| 279|0x0000000093f00000, 0x0000000093f00000, 0x0000000094000000|  0%| F|  |TAMS 0x0000000093f00000| PB 0x0000000093f00000| Untracked 
| 280|0x0000000094000000, 0x0000000094000000, 0x0000000094100000|  0%| F|  |TAMS 0x0000000094000000| PB 0x0000000094000000| Untracked 
| 281|0x0000000094100000, 0x0000000094100000, 0x0000000094200000|  0%| F|  |TAMS 0x0000000094100000| PB 0x0000000094100000| Untracked 
| 282|0x0000000094200000, 0x0000000094200000, 0x0000000094300000|  0%| F|  |TAMS 0x0000000094200000| PB 0x0000000094200000| Untracked 
| 283|0x0000000094300000, 0x0000000094300000, 0x0000000094400000|  0%| F|  |TAMS 0x0000000094300000| PB 0x0000000094300000| Untracked 
| 284|0x0000000094400000, 0x0000000094400000, 0x0000000094500000|  0%| F|  |TAMS 0x0000000094400000| PB 0x0000000094400000| Untracked 
| 285|0x0000000094500000, 0x0000000094500000, 0x0000000094600000|  0%| F|  |TAMS 0x0000000094500000| PB 0x0000000094500000| Untracked 
| 286|0x0000000094600000, 0x0000000094600000, 0x0000000094700000|  0%| F|  |TAMS 0x0000000094600000| PB 0x0000000094600000| Untracked 
| 287|0x0000000094700000, 0x0000000094700000, 0x0000000094800000|  0%| F|  |TAMS 0x0000000094700000| PB 0x0000000094700000| Untracked 
| 288|0x0000000094800000, 0x0000000094800000, 0x0000000094900000|  0%| F|  |TAMS 0x0000000094800000| PB 0x0000000094800000| Untracked 
| 289|0x0000000094900000, 0x0000000094900000, 0x0000000094a00000|  0%| F|  |TAMS 0x0000000094900000| PB 0x0000000094900000| Untracked 
| 290|0x0000000094a00000, 0x0000000094a00000, 0x0000000094b00000|  0%| F|  |TAMS 0x0000000094a00000| PB 0x0000000094a00000| Untracked 
| 291|0x0000000094b00000, 0x0000000094b00000, 0x0000000094c00000|  0%| F|  |TAMS 0x0000000094b00000| PB 0x0000000094b00000| Untracked 
| 292|0x0000000094c00000, 0x0000000094c00000, 0x0000000094d00000|  0%| F|  |TAMS 0x0000000094c00000| PB 0x0000000094c00000| Untracked 
| 293|0x0000000094d00000, 0x0000000094d00000, 0x0000000094e00000|  0%| F|  |TAMS 0x0000000094d00000| PB 0x0000000094d00000| Untracked 
| 294|0x0000000094e00000, 0x0000000094e00000, 0x0000000094f00000|  0%| F|  |TAMS 0x0000000094e00000| PB 0x0000000094e00000| Untracked 
| 295|0x0000000094f00000, 0x0000000094f00000, 0x0000000095000000|  0%| F|  |TAMS 0x0000000094f00000| PB 0x0000000094f00000| Untracked 
| 296|0x0000000095000000, 0x0000000095000000, 0x0000000095100000|  0%| F|  |TAMS 0x0000000095000000| PB 0x0000000095000000| Untracked 
| 297|0x0000000095100000, 0x0000000095100000, 0x0000000095200000|  0%| F|  |TAMS 0x0000000095100000| PB 0x0000000095100000| Untracked 
| 298|0x0000000095200000, 0x0000000095200000, 0x0000000095300000|  0%| F|  |TAMS 0x0000000095200000| PB 0x0000000095200000| Untracked 
| 299|0x0000000095300000, 0x0000000095300000, 0x0000000095400000|  0%| F|  |TAMS 0x0000000095300000| PB 0x0000000095300000| Untracked 
| 300|0x0000000095400000, 0x0000000095400000, 0x0000000095500000|  0%| F|  |TAMS 0x0000000095400000| PB 0x0000000095400000| Untracked 
| 301|0x0000000095500000, 0x0000000095500000, 0x0000000095600000|  0%| F|  |TAMS 0x0000000095500000| PB 0x0000000095500000| Untracked 
| 302|0x0000000095600000, 0x0000000095600000, 0x0000000095700000|  0%| F|  |TAMS 0x0000000095600000| PB 0x0000000095600000| Untracked 
| 303|0x0000000095700000, 0x0000000095700000, 0x0000000095800000|  0%| F|  |TAMS 0x0000000095700000| PB 0x0000000095700000| Untracked 
| 304|0x0000000095800000, 0x0000000095800000, 0x0000000095900000|  0%| F|  |TAMS 0x0000000095800000| PB 0x0000000095800000| Untracked 
| 305|0x0000000095900000, 0x0000000095900000, 0x0000000095a00000|  0%| F|  |TAMS 0x0000000095900000| PB 0x0000000095900000| Untracked 
| 306|0x0000000095a00000, 0x0000000095a00000, 0x0000000095b00000|  0%| F|  |TAMS 0x0000000095a00000| PB 0x0000000095a00000| Untracked 
| 307|0x0000000095b00000, 0x0000000095b00000, 0x0000000095c00000|  0%| F|  |TAMS 0x0000000095b00000| PB 0x0000000095b00000| Untracked 
| 308|0x0000000095c00000, 0x0000000095c00000, 0x0000000095d00000|  0%| F|  |TAMS 0x0000000095c00000| PB 0x0000000095c00000| Untracked 
| 309|0x0000000095d00000, 0x0000000095d00000, 0x0000000095e00000|  0%| F|  |TAMS 0x0000000095d00000| PB 0x0000000095d00000| Untracked 
| 310|0x0000000095e00000, 0x0000000095e00000, 0x0000000095f00000|  0%| F|  |TAMS 0x0000000095e00000| PB 0x0000000095e00000| Untracked 
| 311|0x0000000095f00000, 0x0000000095f00000, 0x0000000096000000|  0%| F|  |TAMS 0x0000000095f00000| PB 0x0000000095f00000| Untracked 
| 312|0x0000000096000000, 0x0000000096000000, 0x0000000096100000|  0%| F|  |TAMS 0x0000000096000000| PB 0x0000000096000000| Untracked 
| 313|0x0000000096100000, 0x0000000096100000, 0x0000000096200000|  0%| F|  |TAMS 0x0000000096100000| PB 0x0000000096100000| Untracked 
| 314|0x0000000096200000, 0x0000000096200000, 0x0000000096300000|  0%| F|  |TAMS 0x0000000096200000| PB 0x0000000096200000| Untracked 
| 315|0x0000000096300000, 0x0000000096300000, 0x0000000096400000|  0%| F|  |TAMS 0x0000000096300000| PB 0x0000000096300000| Untracked 
| 316|0x0000000096400000, 0x0000000096400000, 0x0000000096500000|  0%| F|  |TAMS 0x0000000096400000| PB 0x0000000096400000| Untracked 
| 317|0x0000000096500000, 0x0000000096500000, 0x0000000096600000|  0%| F|  |TAMS 0x0000000096500000| PB 0x0000000096500000| Untracked 
| 318|0x0000000096600000, 0x0000000096600000, 0x0000000096700000|  0%| F|  |TAMS 0x0000000096600000| PB 0x0000000096600000| Untracked 
| 319|0x0000000096700000, 0x0000000096700000, 0x0000000096800000|  0%| F|  |TAMS 0x0000000096700000| PB 0x0000000096700000| Untracked 
| 320|0x0000000096800000, 0x0000000096800000, 0x0000000096900000|  0%| F|  |TAMS 0x0000000096800000| PB 0x0000000096800000| Untracked 
| 321|0x0000000096900000, 0x0000000096900000, 0x0000000096a00000|  0%| F|  |TAMS 0x0000000096900000| PB 0x0000000096900000| Untracked 
| 322|0x0000000096a00000, 0x0000000096a00000, 0x0000000096b00000|  0%| F|  |TAMS 0x0000000096a00000| PB 0x0000000096a00000| Untracked 
| 323|0x0000000096b00000, 0x0000000096b00000, 0x0000000096c00000|  0%| F|  |TAMS 0x0000000096b00000| PB 0x0000000096b00000| Untracked 
| 324|0x0000000096c00000, 0x0000000096c00000, 0x0000000096d00000|  0%| F|  |TAMS 0x0000000096c00000| PB 0x0000000096c00000| Untracked 
| 325|0x0000000096d00000, 0x0000000096d00000, 0x0000000096e00000|  0%| F|  |TAMS 0x0000000096d00000| PB 0x0000000096d00000| Untracked 
| 326|0x0000000096e00000, 0x0000000096e00000, 0x0000000096f00000|  0%| F|  |TAMS 0x0000000096e00000| PB 0x0000000096e00000| Untracked 
| 327|0x0000000096f00000, 0x0000000096f00000, 0x0000000097000000|  0%| F|  |TAMS 0x0000000096f00000| PB 0x0000000096f00000| Untracked 
| 328|0x0000000097000000, 0x0000000097000000, 0x0000000097100000|  0%| F|  |TAMS 0x0000000097000000| PB 0x0000000097000000| Untracked 
| 329|0x0000000097100000, 0x0000000097100000, 0x0000000097200000|  0%| F|  |TAMS 0x0000000097100000| PB 0x0000000097100000| Untracked 
| 330|0x0000000097200000, 0x0000000097200000, 0x0000000097300000|  0%| F|  |TAMS 0x0000000097200000| PB 0x0000000097200000| Untracked 
| 331|0x0000000097300000, 0x0000000097300000, 0x0000000097400000|  0%| F|  |TAMS 0x0000000097300000| PB 0x0000000097300000| Untracked 
| 332|0x0000000097400000, 0x0000000097400000, 0x0000000097500000|  0%| F|  |TAMS 0x0000000097400000| PB 0x0000000097400000| Untracked 
| 333|0x0000000097500000, 0x0000000097500000, 0x0000000097600000|  0%| F|  |TAMS 0x0000000097500000| PB 0x0000000097500000| Untracked 
| 334|0x0000000097600000, 0x0000000097600000, 0x0000000097700000|  0%| F|  |TAMS 0x0000000097600000| PB 0x0000000097600000| Untracked 
| 335|0x0000000097700000, 0x0000000097700000, 0x0000000097800000|  0%| F|  |TAMS 0x0000000097700000| PB 0x0000000097700000| Untracked 
|1978|0x00000000fe200000, 0x00000000fe200000, 0x00000000fe300000|  0%| F|  |TAMS 0x00000000fe200000| PB 0x00000000fe200000| Untracked 
|1979|0x00000000fe300000, 0x00000000fe300000, 0x00000000fe400000|  0%| F|  |TAMS 0x00000000fe300000| PB 0x00000000fe300000| Untracked 
|1980|0x00000000fe400000, 0x00000000fe400000, 0x00000000fe500000|  0%| F|  |TAMS 0x00000000fe400000| PB 0x00000000fe400000| Untracked 
|1981|0x00000000fe500000, 0x00000000fe500000, 0x00000000fe600000|  0%| F|  |TAMS 0x00000000fe500000| PB 0x00000000fe500000| Untracked 
|1982|0x00000000fe600000, 0x00000000fe600000, 0x00000000fe700000|  0%| F|  |TAMS 0x00000000fe600000| PB 0x00000000fe600000| Untracked 
|1983|0x00000000fe700000, 0x00000000fe700000, 0x00000000fe800000|  0%| F|  |TAMS 0x00000000fe700000| PB 0x00000000fe700000| Untracked 
|1984|0x00000000fe800000, 0x00000000fe800000, 0x00000000fe900000|  0%| F|  |TAMS 0x00000000fe800000| PB 0x00000000fe800000| Untracked 
|1985|0x00000000fe900000, 0x00000000fe900000, 0x00000000fea00000|  0%| F|  |TAMS 0x00000000fe900000| PB 0x00000000fe900000| Untracked 
|1986|0x00000000fea00000, 0x00000000fea00000, 0x00000000feb00000|  0%| F|  |TAMS 0x00000000fea00000| PB 0x00000000fea00000| Untracked 
|1987|0x00000000feb00000, 0x00000000fec00000, 0x00000000fec00000|100%| S|CS|TAMS 0x00000000feb00000| PB 0x00000000feb00000| Complete 
|1988|0x00000000fec00000, 0x00000000fed00000, 0x00000000fed00000|100%| S|CS|TAMS 0x00000000fec00000| PB 0x00000000fec00000| Complete 
|1989|0x00000000fed00000, 0x00000000fed00000, 0x00000000fee00000|  0%| F|  |TAMS 0x00000000fed00000| PB 0x00000000fed00000| Untracked 
|1990|0x00000000fee00000, 0x00000000fef00000, 0x00000000fef00000|100%| S|CS|TAMS 0x00000000fee00000| PB 0x00000000fee00000| Complete 
|1991|0x00000000fef00000, 0x00000000fef00000, 0x00000000ff000000|  0%| F|  |TAMS 0x00000000fef00000| PB 0x00000000fef00000| Untracked 
|1992|0x00000000ff000000, 0x00000000ff000000, 0x00000000ff100000|  0%| F|  |TAMS 0x00000000ff000000| PB 0x00000000ff000000| Untracked 
|1993|0x00000000ff100000, 0x00000000ff100000, 0x00000000ff200000|  0%| F|  |TAMS 0x00000000ff100000| PB 0x00000000ff100000| Untracked 
|1994|0x00000000ff200000, 0x00000000ff200000, 0x00000000ff300000|  0%| F|  |TAMS 0x00000000ff200000| PB 0x00000000ff200000| Untracked 
|1995|0x00000000ff300000, 0x00000000ff300000, 0x00000000ff400000|  0%| F|  |TAMS 0x00000000ff300000| PB 0x00000000ff300000| Untracked 
|1996|0x00000000ff400000, 0x00000000ff400000, 0x00000000ff500000|  0%| F|  |TAMS 0x00000000ff400000| PB 0x00000000ff400000| Untracked 
|1997|0x00000000ff500000, 0x00000000ff500000, 0x00000000ff600000|  0%| F|  |TAMS 0x00000000ff500000| PB 0x00000000ff500000| Untracked 
|1998|0x00000000ff600000, 0x00000000ff600000, 0x00000000ff700000|  0%| F|  |TAMS 0x00000000ff600000| PB 0x00000000ff600000| Untracked 
|1999|0x00000000ff700000, 0x00000000ff700000, 0x00000000ff800000|  0%| F|  |TAMS 0x00000000ff700000| PB 0x00000000ff700000| Untracked 
|2000|0x00000000ff800000, 0x00000000ff800000, 0x00000000ff900000|  0%| F|  |TAMS 0x00000000ff800000| PB 0x00000000ff800000| Untracked 
|2001|0x00000000ff900000, 0x00000000ff900000, 0x00000000ffa00000|  0%| F|  |TAMS 0x00000000ff900000| PB 0x00000000ff900000| Untracked 
|2002|0x00000000ffa00000, 0x00000000ffa00000, 0x00000000ffb00000|  0%| F|  |TAMS 0x00000000ffa00000| PB 0x00000000ffa00000| Untracked 
|2003|0x00000000ffb00000, 0x00000000ffb00000, 0x00000000ffc00000|  0%| F|  |TAMS 0x00000000ffb00000| PB 0x00000000ffb00000| Untracked 
|2004|0x00000000ffc00000, 0x00000000ffc00000, 0x00000000ffd00000|  0%| F|  |TAMS 0x00000000ffc00000| PB 0x00000000ffc00000| Untracked 
|2005|0x00000000ffd00000, 0x00000000ffd00000, 0x00000000ffe00000|  0%| F|  |TAMS 0x00000000ffd00000| PB 0x00000000ffd00000| Untracked 
|2006|0x00000000ffe00000, 0x00000000ffe00000, 0x00000000fff00000|  0%| F|  |TAMS 0x00000000ffe00000| PB 0x00000000ffe00000| Untracked 
|2007|0x00000000fff00000, 0x00000000fff00000, 0x0000000100000000|  0%| F|  |TAMS 0x00000000fff00000| PB 0x00000000fff00000| Untracked 

Card table byte_map: [0x00000209fdd50000,0x00000209fe140000] _byte_map_base: 0x00000209fd93c000

Marking Bits: (CMBitMap*) 0x00000209fa4956c0
 Bits: [0x000002098f000000, 0x0000020990f60000)

Polling page: 0x00000209f8250000

Metaspace:

Usage:
  Non-class:     78.39 MB used.
      Class:     12.31 MB used.
       Both:     90.70 MB used.

Virtual space:
  Non-class space:      128.00 MB reserved,      78.81 MB ( 62%) committed,  2 nodes.
      Class space:        1.00 GB reserved,      12.69 MB (  1%) committed,  1 nodes.
             Both:        1.12 GB reserved,      91.50 MB (  8%) committed. 

Chunk freelists:
   Non-Class:  640.00 KB
       Class:  3.33 MB
        Both:  3.95 MB

MaxMetaspaceSize: unlimited
CompressedClassSpaceSize: 1.00 GB
Initial GC threshold: 21.00 MB
Current GC threshold: 152.31 MB
CDS: on
 - commit_granule_bytes: 65536.
 - commit_granule_words: 8192.
 - virtual_space_node_default_size: 8388608.
 - enlarge_chunks_in_place: 1.
 - use_allocation_guard: 0.


Internal statistics:

num_allocs_failed_limit: 9.
num_arena_births: 1214.
num_arena_deaths: 0.
num_vsnodes_births: 3.
num_vsnodes_deaths: 0.
num_space_committed: 1464.
num_space_uncommitted: 0.
num_chunks_returned_to_freelist: 9.
num_chunks_taken_from_freelist: 4509.
num_chunk_merges: 9.
num_chunk_splits: 3259.
num_chunks_enlarged: 2561.
num_inconsistent_stats: 0.

CodeHeap 'non-profiled nmethods': size=120000Kb used=2402Kb max_used=5946Kb free=117598Kb
 bounds [0x0000020987ad0000, 0x00000209880a0000, 0x000002098f000000]
CodeHeap 'profiled nmethods': size=120000Kb used=4488Kb max_used=16586Kb free=115511Kb
 bounds [0x0000020980000000, 0x0000020981040000, 0x0000020987530000]
CodeHeap 'non-nmethods': size=5760Kb used=1658Kb max_used=1739Kb free=4101Kb
 bounds [0x0000020987530000, 0x00000209877a0000, 0x0000020987ad0000]
CodeCache: size=245760Kb, used=8548Kb, max_used=24271Kb, free=237210Kb
 total_blobs=3453, nmethods=2662, adapters=693, full_count=0
Compilation: enabled, stopped_count=0, restarted_count=0

Compilation events (20 events):
Event: 309.708 Thread 0x00000209febcb060 10969   !   3       sun.security.ssl.SSLCipher$T13GcmWriteCipherGenerator$GcmWriteCipher::encrypt (329 bytes)
Event: 311.492 Thread 0x00000209febcb060 nmethod 10969 0x0000020980980910 code [0x0000020980980d40, 0x0000020980982840]
Event: 311.493 Thread 0x00000209febcb060 10974       3       com.sun.crypto.provider.GaloisCounterMode$GCMEncrypt::checkDataLength (57 bytes)
Event: 311.493 Thread 0x00000209febcb060 nmethod 10974 0x0000020980497110 code [0x0000020980497300, 0x0000020980497758]
Event: 311.493 Thread 0x00000209febcb060 10970       3       javax.crypto.Cipher::getOutputSize (53 bytes)
Event: 311.495 Thread 0x00000209febcb060 nmethod 10970 0x0000020980f37010 code [0x0000020980f37220, 0x0000020980f377e0]
Event: 311.495 Thread 0x00000209febcb060 10971       3       com.sun.crypto.provider.GaloisCounterMode::engineGetOutputSize (14 bytes)
Event: 311.496 Thread 0x00000209febcb060 nmethod 10971 0x00000209804e1390 code [0x00000209804e1540, 0x00000209804e17f0]
Event: 311.496 Thread 0x00000209febcb060 10972       3       com.sun.crypto.provider.GaloisCounterMode$GCMEncrypt::getOutputSize (40 bytes)
Event: 311.497 Thread 0x00000209febcb060 nmethod 10972 0x0000020980016b10 code [0x0000020980016ce0, 0x0000020980017208]
Event: 311.497 Thread 0x00000209febcb060 10973       3       com.sun.crypto.provider.GaloisCounterMode$GCMEncrypt::doFinal (278 bytes)
Event: 311.500 Thread 0x00000209febcb060 nmethod 10973 0x000002098023e910 code [0x000002098023ed00, 0x0000020980240b58]
Event: 311.687 Thread 0x00000209febc4a50 10975       4       java.util.concurrent.ConcurrentHashMap$Traverser::<init> (36 bytes)
Event: 311.689 Thread 0x00000209febc4a50 nmethod 10975 0x0000020987b8ce90 code [0x0000020987b8d020, 0x0000020987b8d200]
Event: 311.797 Thread 0x00000209febcb060 10976       3       okhttp3.internal.concurrent.TaskRunner::afterRun (205 bytes)
Event: 311.799 Thread 0x00000209febcb060 nmethod 10976 0x0000020980435690 code [0x0000020980435940, 0x0000020980436690]
Event: 312.818 Thread 0x00000209febcb060 10977       3       java.lang.Object::wait (58 bytes)
Event: 312.818 Thread 0x00000209febcb060 nmethod 10977 0x000002098007e890 code [0x000002098007ea80, 0x000002098007ee50]
Event: 312.818 Thread 0x00000209febcb060 10978   !   3       sun.security.ssl.OutputRecord::seqNumIsHuge (55 bytes)
Event: 316.708 Thread 0x00000209febcb060 nmethod 10978 0x0000020980e6c210 code [0x0000020980e6c460, 0x0000020980e6ceb0]

GC Heap History (20 events):
Event: 323.059 GC heap after
{Heap after GC invocations=85 (full 0):
 garbage-first heap   total 124928K, used 47279K [0x0000000082800000, 0x0000000100000000)
  region size 1024K, 1 young (1024K), 1 survivors (1024K)
 Metaspace       used 92873K, committed 93696K, reserved 1179648K
  class space    used 12605K, committed 12992K, reserved 1048576K
}
Event: 323.670 GC heap before
{Heap before GC invocations=85 (full 0):
 garbage-first heap   total 124928K, used 52399K [0x0000000082800000, 0x0000000100000000)
  region size 1024K, 6 young (6144K), 1 survivors (1024K)
 Metaspace       used 92873K, committed 93696K, reserved 1179648K
  class space    used 12605K, committed 12992K, reserved 1048576K
}
Event: 325.520 GC heap after
{Heap after GC invocations=86 (full 0):
 garbage-first heap   total 124928K, used 48622K [0x0000000082800000, 0x0000000100000000)
  region size 1024K, 1 young (1024K), 1 survivors (1024K)
 Metaspace       used 92873K, committed 93696K, reserved 1179648K
  class space    used 12605K, committed 12992K, reserved 1048576K
}
Event: 327.238 GC heap before
{Heap before GC invocations=86 (full 0):
 garbage-first heap   total 124928K, used 53742K [0x0000000082800000, 0x0000000100000000)
  region size 1024K, 6 young (6144K), 1 survivors (1024K)
 Metaspace       used 92873K, committed 93696K, reserved 1179648K
  class space    used 12605K, committed 12992K, reserved 1048576K
}
Event: 327.790 GC heap after
{Heap after GC invocations=87 (full 0):
 garbage-first heap   total 124928K, used 50173K [0x0000000082800000, 0x0000000100000000)
  region size 1024K, 1 young (1024K), 1 survivors (1024K)
 Metaspace       used 92873K, committed 93696K, reserved 1179648K
  class space    used 12605K, committed 12992K, reserved 1048576K
}
Event: 327.957 GC heap before
{Heap before GC invocations=87 (full 0):
 garbage-first heap   total 124928K, used 55293K [0x0000000082800000, 0x0000000100000000)
  region size 1024K, 6 young (6144K), 1 survivors (1024K)
 Metaspace       used 92873K, committed 93696K, reserved 1179648K
  class space    used 12605K, committed 12992K, reserved 1048576K
}
Event: 334.840 GC heap after
{Heap after GC invocations=88 (full 0):
 garbage-first heap   total 374784K, used 52149K [0x0000000082800000, 0x0000000100000000)
  region size 1024K, 1 young (1024K), 1 survivors (1024K)
 Metaspace       used 92873K, committed 93696K, reserved 1179648K
  class space    used 12605K, committed 12992K, reserved 1048576K
}
Event: 335.064 GC heap before
{Heap before GC invocations=89 (full 0):
 garbage-first heap   total 374784K, used 68533K [0x0000000082800000, 0x0000000100000000)
  region size 1024K, 18 young (18432K), 1 survivors (1024K)
 Metaspace       used 92873K, committed 93696K, reserved 1179648K
  class space    used 12605K, committed 12992K, reserved 1048576K
}
Event: 335.483 GC heap after
{Heap after GC invocations=90 (full 0):
 garbage-first heap   total 374784K, used 51139K [0x0000000082800000, 0x0000000100000000)
  region size 1024K, 1 young (1024K), 1 survivors (1024K)
 Metaspace       used 92873K, committed 93696K, reserved 1179648K
  class space    used 12605K, committed 12992K, reserved 1048576K
}
Event: 335.798 GC heap before
{Heap before GC invocations=90 (full 0):
 garbage-first heap   total 374784K, used 68547K [0x0000000082800000, 0x0000000100000000)
  region size 1024K, 18 young (18432K), 1 survivors (1024K)
 Metaspace       used 92873K, committed 93696K, reserved 1179648K
  class space    used 12605K, committed 12992K, reserved 1048576K
}
Event: 336.549 GC heap after
{Heap after GC invocations=91 (full 0):
 garbage-first heap   total 374784K, used 52336K [0x0000000082800000, 0x0000000100000000)
  region size 1024K, 2 young (2048K), 2 survivors (2048K)
 Metaspace       used 92873K, committed 93696K, reserved 1179648K
  class space    used 12605K, committed 12992K, reserved 1048576K
}
Event: 336.787 GC heap before
{Heap before GC invocations=91 (full 0):
 garbage-first heap   total 374784K, used 67696K [0x0000000082800000, 0x0000000100000000)
  region size 1024K, 18 young (18432K), 2 survivors (2048K)
 Metaspace       used 92873K, committed 93696K, reserved 1179648K
  class space    used 12605K, committed 12992K, reserved 1048576K
}
Event: 336.788 GC heap after
{Heap after GC invocations=92 (full 0):
 garbage-first heap   total 374784K, used 51811K [0x0000000082800000, 0x0000000100000000)
  region size 1024K, 1 young (1024K), 1 survivors (1024K)
 Metaspace       used 92873K, committed 93696K, reserved 1179648K
  class space    used 12605K, committed 12992K, reserved 1048576K
}
Event: 337.325 GC heap before
{Heap before GC invocations=92 (full 0):
 garbage-first heap   total 374784K, used 69219K [0x0000000082800000, 0x0000000100000000)
  region size 1024K, 18 young (18432K), 1 survivors (1024K)
 Metaspace       used 92873K, committed 93696K, reserved 1179648K
  class space    used 12605K, committed 12992K, reserved 1048576K
}
Event: 337.325 GC heap after
{Heap after GC invocations=93 (full 0):
 garbage-first heap   total 374784K, used 50961K [0x0000000082800000, 0x0000000100000000)
  region size 1024K, 1 young (1024K), 1 survivors (1024K)
 Metaspace       used 92873K, committed 93696K, reserved 1179648K
  class space    used 12605K, committed 12992K, reserved 1048576K
}
Event: 337.862 GC heap before
{Heap before GC invocations=93 (full 0):
 garbage-first heap   total 374784K, used 68369K [0x0000000082800000, 0x0000000100000000)
  region size 1024K, 18 young (18432K), 1 survivors (1024K)
 Metaspace       used 92873K, committed 93696K, reserved 1179648K
  class space    used 12605K, committed 12992K, reserved 1048576K
}
Event: 338.886 GC heap after
{Heap after GC invocations=94 (full 0):
 garbage-first heap   total 374784K, used 50989K [0x0000000082800000, 0x0000000100000000)
  region size 1024K, 1 young (1024K), 1 survivors (1024K)
 Metaspace       used 92873K, committed 93696K, reserved 1179648K
  class space    used 12605K, committed 12992K, reserved 1048576K
}
Event: 339.151 GC heap before
{Heap before GC invocations=94 (full 0):
 garbage-first heap   total 374784K, used 68397K [0x0000000082800000, 0x0000000100000000)
  region size 1024K, 18 young (18432K), 1 survivors (1024K)
 Metaspace       used 92873K, committed 93696K, reserved 1179648K
  class space    used 12605K, committed 12992K, reserved 1048576K
}
Event: 339.285 GC heap after
{Heap after GC invocations=95 (full 0):
 garbage-first heap   total 374784K, used 50953K [0x0000000082800000, 0x0000000100000000)
  region size 1024K, 1 young (1024K), 1 survivors (1024K)
 Metaspace       used 92873K, committed 93696K, reserved 1179648K
  class space    used 12605K, committed 12992K, reserved 1048576K
}
Event: 339.698 GC heap before
{Heap before GC invocations=95 (full 0):
 garbage-first heap   total 374784K, used 68361K [0x0000000082800000, 0x0000000100000000)
  region size 1024K, 18 young (18432K), 1 survivors (1024K)
 Metaspace       used 92873K, committed 93696K, reserved 1179648K
  class space    used 12605K, committed 12992K, reserved 1048576K
}

Dll operation events (11 events):
Event: 0.009 Loaded shared library C:\Users\marce\.vscode\extensions\redhat.java-1.53.0-win32-x64\jre\21.0.10-win32-x86_64\bin\java.dll
Event: 0.041 Loaded shared library C:\Users\marce\.vscode\extensions\redhat.java-1.53.0-win32-x64\jre\21.0.10-win32-x86_64\bin\zip.dll
Event: 0.190 Loaded shared library C:\Users\marce\.vscode\extensions\redhat.java-1.53.0-win32-x64\jre\21.0.10-win32-x86_64\bin\net.dll
Event: 0.191 Loaded shared library C:\Users\marce\.vscode\extensions\redhat.java-1.53.0-win32-x64\jre\21.0.10-win32-x86_64\bin\nio.dll
Event: 0.195 Loaded shared library C:\Users\marce\.vscode\extensions\redhat.java-1.53.0-win32-x64\jre\21.0.10-win32-x86_64\bin\zip.dll
Event: 0.342 Loaded shared library C:\Users\marce\.vscode\extensions\redhat.java-1.53.0-win32-x64\jre\21.0.10-win32-x86_64\bin\jimage.dll
Event: 0.935 Loaded shared library C:\Users\marce\.vscode\extensions\redhat.java-1.53.0-win32-x64\jre\21.0.10-win32-x86_64\bin\verify.dll
Event: 1.457 Loaded shared library C:\Users\marce\.vscode\extensions\redhat.java-1.53.0-win32-x64\jre\21.0.10-win32-x86_64\bin\sunmscapi.dll
Event: 3.692 Loaded shared library C:\Users\marce\.vscode\extensions\redhat.java-1.53.0-win32-x64\jre\21.0.10-win32-x86_64\bin\management.dll
Event: 3.699 Loaded shared library C:\Users\marce\.vscode\extensions\redhat.java-1.53.0-win32-x64\jre\21.0.10-win32-x86_64\bin\management_ext.dll
Event: 4.558 Loaded shared library C:\Users\marce\.vscode\extensions\redhat.java-1.53.0-win32-x64\jre\21.0.10-win32-x86_64\bin\extnet.dll

Deoptimization events (20 events):
Event: 230.770 Thread 0x00000209d8095d90 Uncommon trap: trap_request=0xffffff45 fr.pc=0x0000020987b65300 relative=0x00000000000003a0
Event: 230.770 Thread 0x00000209d8095d90 Uncommon trap: reason=unstable_if action=reinterpret pc=0x0000020987b65300 method=com.simgan.service.PlanetApiService.downloadGeoTiff(Ljava/lang/String;Ljava/lang/String;)Ljava/io/File; @ 218 c2
Event: 230.770 Thread 0x00000209d8095d90 DEOPT PACKING pc=0x0000020987b65300 sp=0x000000da4abfb6b0
Event: 230.770 Thread 0x00000209d8095d90 DEOPT UNPACKING pc=0x0000020987584422 sp=0x000000da4abfb638 mode 2
Event: 245.645 Thread 0x00000209d8095d90 Uncommon trap: trap_request=0xffffffde fr.pc=0x000002098808b210 relative=0x0000000000000e70
Event: 245.645 Thread 0x00000209d8095d90 Uncommon trap: reason=class_check action=maybe_recompile pc=0x000002098808b210 method=okio.InputStreamSource.read(Lokio/Buffer;J)J @ 121 c2
Event: 245.645 Thread 0x00000209d8095d90 DEOPT PACKING pc=0x000002098808b210 sp=0x000000da4abfa7f0
Event: 245.645 Thread 0x00000209d8095d90 DEOPT UNPACKING pc=0x0000020987584422 sp=0x000000da4abfa6f0 mode 2
Event: 298.917 Thread 0x00000209d8095d90 Uncommon trap: trap_request=0xffffffde fr.pc=0x0000020987cf80bc relative=0x000000000000017c
Event: 298.917 Thread 0x00000209d8095d90 Uncommon trap: reason=class_check action=maybe_recompile pc=0x0000020987cf80bc method=okio.RealBufferedSource.request(J)Z @ 128 c2
Event: 298.917 Thread 0x00000209d8095d90 DEOPT PACKING pc=0x0000020987cf80bc sp=0x000000da4abfb330
Event: 298.917 Thread 0x00000209d8095d90 DEOPT UNPACKING pc=0x0000020987584422 sp=0x000000da4abfb218 mode 2
Event: 298.917 Thread 0x00000209d8095d90 Uncommon trap: trap_request=0xffffffde fr.pc=0x000002098807c43c relative=0x00000000000000fc
Event: 298.917 Thread 0x00000209d8095d90 Uncommon trap: reason=class_check action=maybe_recompile pc=0x000002098807c43c method=okio.Buffer.writeAll(Lokio/Source;)J @ 20 c2
Event: 298.917 Thread 0x00000209d8095d90 DEOPT PACKING pc=0x000002098807c43c sp=0x000000da4abfb4f0
Event: 298.917 Thread 0x00000209d8095d90 DEOPT UNPACKING pc=0x0000020987584422 sp=0x000000da4abfb458 mode 2
Event: 339.613 Thread 0x00000209dec33d70 Uncommon trap: trap_request=0xffffff45 fr.pc=0x0000020987b66b34 relative=0x0000000000000834
Event: 339.613 Thread 0x00000209dec33d70 Uncommon trap: reason=unstable_if action=reinterpret pc=0x0000020987b66b34 method=okio.SegmentPool.take()Lokio/Segment; @ 23 c2
Event: 339.613 Thread 0x00000209dec33d70 DEOPT PACKING pc=0x0000020987b66b34 sp=0x000000da487feaf0
Event: 339.613 Thread 0x00000209dec33d70 DEOPT UNPACKING pc=0x0000020987584422 sp=0x000000da487fe9a8 mode 2

Classes loaded (20 events):
Event: 24.851 Loading class sun/security/ssl/RenegoInfoExtension$RenegotiationInfoSpec
Event: 24.852 Loading class sun/security/ssl/RenegoInfoExtension$RenegotiationInfoSpec done
Event: 25.241 Loading class java/util/zip/DataFormatException
Event: 25.242 Loading class java/util/zip/DataFormatException done
Event: 25.657 Loading class sun/security/rsa/RSASignature$SHA384withRSA
Event: 25.657 Loading class sun/security/rsa/RSASignature$SHA384withRSA done
Event: 26.220 Loading class java/util/LinkedList$LLSpliterator
Event: 26.220 Loading class java/util/LinkedList$LLSpliterator done
Event: 26.222 Loading class java/util/concurrent/CompletionException
Event: 26.222 Loading class java/util/concurrent/CompletionException done
Event: 46.760 Loading class java/io/FileOutputStream$1
Event: 46.760 Loading class java/io/FileOutputStream$1 done
Event: 46.845 Loading class sun/nio/cs/US_ASCII$Decoder
Event: 46.845 Loading class sun/nio/cs/US_ASCII$Decoder done
Event: 48.730 Loading class sun/nio/ch/SocketOutputStream
Event: 48.730 Loading class sun/nio/ch/SocketOutputStream done
Event: 48.730 Loading class sun/nio/ch/ChannelOutputStream
Event: 48.730 Loading class sun/nio/ch/ChannelOutputStream done
Event: 124.290 Loading class java/io/PushbackInputStream
Event: 124.290 Loading class java/io/PushbackInputStream done

Classes unloaded (0 events):
No events

Classes redefined (0 events):
No events

Internal exceptions (20 events):
Event: 9.176 Thread 0x00000209f821d1f0 Exception <a 'java/lang/NoSuchMethodError'{0x0000000086d660d8}: 'java.lang.Object java.lang.invoke.DirectMethodHandle$Holder.invokeInterface(java.lang.Object, java.lang.Object, java.lang.Object, java.lang.Object)'> (0x0000000086d660d8) 
thrown [s\src\hotspot\share\interpreter\linkResolver.cpp, line 773]
Event: 9.247 Thread 0x00000209f821d1f0 Exception <a 'java/lang/NoSuchMethodError'{0x00000000869e7b50}: 'void java.lang.invoke.DirectMethodHandle$Holder.invokeVirtual(java.lang.Object, java.lang.Object, long)'> (0x00000000869e7b50) 
thrown [s\src\hotspot\share\interpreter\linkResolver.cpp, line 773]
Event: 9.349 Thread 0x00000209f821d1f0 Exception <a 'java/lang/IncompatibleClassChangeError'{0x000000008620c588}: Found class java.lang.Object, but interface was expected> (0x000000008620c588) 
thrown [s\src\hotspot\share\interpreter\linkResolver.cpp, line 840]
Event: 9.421 Thread 0x00000209f821d1f0 Exception <a 'java/lang/NoSuchMethodError'{0x0000000085b37af0}: 'void java.lang.invoke.DirectMethodHandle$Holder.invokeSpecial(java.lang.Object, java.lang.Object, int)'> (0x0000000085b37af0) 
thrown [s\src\hotspot\share\interpreter\linkResolver.cpp, line 773]
Event: 9.480 Thread 0x00000209f821d1f0 Implicit null exception at 0x0000020987fc01ed to 0x0000020987fc4fcc
Event: 9.651 Thread 0x00000209f821d1f0 Exception <a 'java/lang/NoSuchMethodError'{0x00000000871f5258}: 'java.lang.Object java.lang.invoke.DirectMethodHandle$Holder.newInvokeSpecial(java.lang.Object, java.lang.Object, int, java.lang.Object, java.lang.Object)'> (0x00000000871f5258) 
thrown [s\src\hotspot\share\interpreter\linkResolver.cpp, line 773]
Event: 9.652 Thread 0x00000209f821d1f0 Exception <a 'java/lang/NoSuchMethodError'{0x00000000871ffd28}: 'java.lang.Object java.lang.invoke.DirectMethodHandle$Holder.invokeSpecial(java.lang.Object, java.lang.Object, int, java.lang.Object, int, java.lang.Object)'> (0x00000000871ffd28) 
thrown [s\src\hotspot\share\interpreter\linkResolver.cpp, line 773]
Event: 9.652 Thread 0x00000209f821d1f0 Exception <a 'java/lang/NoSuchMethodError'{0x0000000087006df8}: 'java.lang.Object java.lang.invoke.DirectMethodHandle$Holder.newInvokeSpecial(java.lang.Object, java.lang.Object, int, java.lang.Object, int)'> (0x0000000087006df8) 
thrown [s\src\hotspot\share\interpreter\linkResolver.cpp, line 773]
Event: 9.652 Thread 0x00000209f821d1f0 Exception <a 'java/lang/NoSuchMethodError'{0x000000008700ac00}: 'java.lang.Object java.lang.invoke.DirectMethodHandle$Holder.invokeSpecial(java.lang.Object, java.lang.Object, java.lang.Object, int, java.lang.Object, int)'> (0x000000008700ac00) 
thrown [s\src\hotspot\share\interpreter\linkResolver.cpp, line 773]
Event: 15.046 Thread 0x00000209d8095d90 Exception <a 'java/lang/NoSuchMethodError'{0x0000000086a49ab8}: 'java.lang.Object java.lang.invoke.DirectMethodHandle$Holder.invokeSpecial(java.lang.Object, java.lang.Object, java.lang.Object, java.lang.Object, java.lang.Object, long)'> (0x0000000086a49ab8) 
thrown [s\src\hotspot\share\interpreter\linkResolver.cpp, line 773]
Event: 15.046 Thread 0x00000209d8095d90 Exception <a 'java/lang/NoSuchMethodError'{0x0000000086a4d240}: 'java.lang.Object java.lang.invoke.Invokers$Holder.linkToTargetMethod(java.lang.Object, java.lang.Object, java.lang.Object, long, java.lang.Object)'> (0x0000000086a4d240) 
thrown [s\src\hotspot\share\interpreter\linkResolver.cpp, line 773]
Event: 15.133 Thread 0x00000209d8095d90 Exception <a 'java/lang/NoSuchMethodError'{0x00000000869bf050}: 'java.lang.Object java.lang.invoke.DirectMethodHandle$Holder.invokeStatic(java.lang.Object, int, int)'> (0x00000000869bf050) 
thrown [s\src\hotspot\share\interpreter\linkResolver.cpp, line 773]
Event: 15.274 Thread 0x00000209d8095d90 Exception <a 'java/lang/NoSuchMethodError'{0x0000000086546190}: 'void java.lang.invoke.DirectMethodHandle$Holder.invokeSpecialIFC(java.lang.Object, java.lang.Object, int, java.lang.Object, java.lang.Object, java.lang.Object, java.lang.Object)'> (0x0000000086546190) 
thrown [s\src\hotspot\share\interpreter\linkResolver.cpp, line 773]
Event: 15.560 Thread 0x00000209d8095070 Exception <a 'java/lang/IncompatibleClassChangeError'{0x0000000086051978}: Found class java.lang.Object, but interface was expected> (0x0000000086051978) 
thrown [s\src\hotspot\share\interpreter\linkResolver.cpp, line 840]
Event: 15.582 Thread 0x00000209d8096420 Exception <a 'java/lang/NoSuchMethodError'{0x0000000085f4d9b0}: 'java.lang.Object java.lang.invoke.DirectMethodHandle$Holder.invokeInterface(java.lang.Object, java.lang.Object, java.lang.Object, java.lang.Object, java.lang.Object)'> (0x0000000085f4d9b0) 
thrown [s\src\hotspot\share\interpreter\linkResolver.cpp, line 773]
Event: 15.633 Thread 0x00000209d8095070 Exception <a 'java/lang/NoSuchMethodError'{0x0000000085ffd348}: 'double java.lang.invoke.DirectMethodHandle$Holder.invokeStatic(java.lang.Object, java.lang.Object)'> (0x0000000085ffd348) 
thrown [s\src\hotspot\share\interpreter\linkResolver.cpp, line 773]
Event: 15.729 Thread 0x00000209d8096420 Exception <a 'java/lang/NoSuchMethodError'{0x00000000fff73038}: 'void java.lang.invoke.DirectMethodHandle$Holder.invokeStatic(java.lang.Object, java.lang.Object, double)'> (0x00000000fff73038) 
thrown [s\src\hotspot\share\interpreter\linkResolver.cpp, line 773]
Event: 23.629 Thread 0x00000209d8095d90 Exception <a 'java/lang/NoSuchMethodError'{0x0000000087b92628}: 'java.lang.Object java.lang.invoke.DirectMethodHandle$Holder.invokeStaticInit(java.lang.Object, java.lang.Object, int)'> (0x0000000087b92628) 
thrown [s\src\hotspot\share\interpreter\linkResolver.cpp, line 773]
Event: 23.696 Thread 0x00000209d8095d90 Exception <a 'java/lang/NoSuchMethodError'{0x0000000087937898}: 'void java.lang.invoke.DirectMethodHandle$Holder.invokeStatic(java.lang.Object, java.lang.Object, java.lang.Object, java.lang.Object, java.lang.Object, java.lang.Object, java.lang.Object)'> (0x0000000087937898) 
thrown [s\src\hotspot\share\interpreter\linkResolver.cpp, line 773]
Event: 23.754 Thread 0x00000209dec357b0 Exception <a 'java/lang/NoSuchMethodError'{0x0000000087649800}: 'void java.lang.invoke.DirectMethodHandle$Holder.invokeStatic(java.lang.Object, java.lang.Object, int)'> (0x0000000087649800) 
thrown [s\src\hotspot\share\interpreter\linkResolver.cpp, line 773]

ZGC Phase Switch (0 events):
No events

VM Operations (20 events):
Event: 327.110 Executing safepoint VM operation: G1PauseRemark done
Event: 327.115 Executing safepoint VM operation: G1CollectForAllocation (G1 Evacuation Pause)
Event: 327.790 Executing safepoint VM operation: G1CollectForAllocation (G1 Evacuation Pause) done
Event: 327.796 Executing safepoint VM operation: G1CollectForAllocation (G1 Evacuation Pause)
Event: 334.840 Executing safepoint VM operation: G1CollectForAllocation (G1 Evacuation Pause) done
Event: 334.857 Executing safepoint VM operation: G1PauseCleanup
Event: 334.858 Executing safepoint VM operation: G1PauseCleanup done
Event: 335.064 Executing safepoint VM operation: G1CollectForAllocation (G1 Evacuation Pause)
Event: 335.483 Executing safepoint VM operation: G1CollectForAllocation (G1 Evacuation Pause) done
Event: 335.798 Executing safepoint VM operation: G1CollectForAllocation (G1 Evacuation Pause)
Event: 336.549 Executing safepoint VM operation: G1CollectForAllocation (G1 Evacuation Pause) done
Event: 336.787 Executing safepoint VM operation: G1CollectForAllocation (G1 Evacuation Pause)
Event: 336.788 Executing safepoint VM operation: G1CollectForAllocation (G1 Evacuation Pause) done
Event: 337.325 Executing safepoint VM operation: G1CollectForAllocation (G1 Evacuation Pause)
Event: 337.325 Executing safepoint VM operation: G1CollectForAllocation (G1 Evacuation Pause) done
Event: 337.862 Executing safepoint VM operation: G1CollectForAllocation (G1 Evacuation Pause)
Event: 338.886 Executing safepoint VM operation: G1CollectForAllocation (G1 Evacuation Pause) done
Event: 339.129 Executing safepoint VM operation: G1CollectForAllocation (G1 Evacuation Pause)
Event: 339.285 Executing safepoint VM operation: G1CollectForAllocation (G1 Evacuation Pause) done
Event: 339.698 Executing safepoint VM operation: G1CollectForAllocation (G1 Evacuation Pause)

Memory protections (0 events):
No events

Nmethod flushes (20 events):
Event: 214.337 Thread 0x00000209feb992e0 flushing  nmethod 0x0000020980f6f810
Event: 214.337 Thread 0x00000209feb992e0 flushing  nmethod 0x0000020980f7f090
Event: 214.337 Thread 0x00000209feb992e0 flushing  nmethod 0x0000020980f7f590
Event: 214.337 Thread 0x00000209feb992e0 flushing  nmethod 0x0000020987f75310
Event: 214.337 Thread 0x00000209feb992e0 flushing  nmethod 0x0000020980534a10
Event: 214.337 Thread 0x00000209feb992e0 flushing osr nmethod 0x0000020980d8b290
Event: 214.337 Thread 0x00000209feb992e0 flushing  nmethod 0x0000020980993990
Event: 227.597 Thread 0x00000209feb992e0 flushing  nmethod 0x00000209802c3990
Event: 303.440 Thread 0x00000209feb992e0 flushing osr nmethod 0x0000020980072090
Event: 311.537 Thread 0x00000209feb992e0 flushing osr nmethod 0x0000020987b64d10
Event: 311.537 Thread 0x00000209feb992e0 flushing  nmethod 0x0000020980352d90
Event: 311.537 Thread 0x00000209feb992e0 flushing  nmethod 0x0000020980829110
Event: 311.537 Thread 0x00000209feb992e0 flushing  nmethod 0x00000209808e2090
Event: 311.538 Thread 0x00000209feb992e0 flushing  nmethod 0x00000209803c1590
Event: 311.538 Thread 0x00000209feb992e0 flushing  nmethod 0x0000020980fbc390
Event: 311.538 Thread 0x00000209feb992e0 flushing  nmethod 0x0000020980e4f010
Event: 311.538 Thread 0x00000209feb992e0 flushing  nmethod 0x0000020980f6b710
Event: 311.538 Thread 0x00000209feb992e0 flushing  nmethod 0x0000020980f6c610
Event: 311.538 Thread 0x00000209feb992e0 flushing  nmethod 0x0000020980102090
Event: 311.538 Thread 0x00000209feb992e0 flushing  nmethod 0x00000209803b2110

Events (20 events):
Event: 25.668 Thread 0x00000209dec36b60 Thread added: 0x00000209d95ecf40
Event: 26.153 Thread 0x00000209febcb060 Thread added: 0x00000209de59b010
Event: 26.223 Thread 0x00000209dec357b0 Thread exited: 0x00000209dec357b0
Event: 26.223 Thread 0x00000209dec329c0 Thread exited: 0x00000209dec329c0
Event: 26.223 Thread 0x00000209dec32330 Thread exited: 0x00000209dec32330
Event: 27.925 Thread 0x00000209de59b010 Thread exited: 0x00000209de59b010
Event: 46.847 Thread 0x00000209febcb060 Thread added: 0x00000209de59b010
Event: 46.850 Thread 0x00000209febcb060 Thread added: 0x00000209dea315c0
Event: 47.170 Thread 0x00000209dea315c0 Thread exited: 0x00000209dea315c0
Event: 47.170 Thread 0x00000209de59b010 Thread exited: 0x00000209de59b010
Event: 99.787 Thread 0x00000209dec36b60 Thread exited: 0x00000209dec36b60
Event: 106.838 Thread 0x00000209d95ecf40 Thread exited: 0x00000209d95ecf40
Event: 124.291 Thread 0x00000209dec37880 Thread added: 0x00000209dec36b60
Event: 181.846 Thread 0x00000209dec37f10 Thread added: 0x00000209d8094350
Event: 181.846 Thread 0x00000209dec36b60 Thread added: 0x00000209d80949e0
Event: 242.852 Thread 0x00000209d8094350 Thread exited: 0x00000209d8094350
Event: 291.014 Thread 0x00000209d80949e0 Thread exited: 0x00000209d80949e0
Event: 291.579 Thread 0x00000209dec37880 Thread exited: 0x00000209dec37880
Event: 298.608 Thread 0x00000209dec36b60 Thread added: 0x00000209dec308f0
Event: 299.151 Thread 0x00000209dec36b60 Thread added: 0x00000209dec33d70


Dynamic libraries:
0x00007ff62a040000 - 0x00007ff62a04e000 	C:\Users\marce\.vscode\extensions\redhat.java-1.53.0-win32-x64\jre\21.0.10-win32-x86_64\bin\java.exe
0x00007ff88e060000 - 0x00007ff88e2c7000 	C:\WINDOWS\SYSTEM32\ntdll.dll
0x00007ff88c5c0000 - 0x00007ff88c689000 	C:\WINDOWS\System32\KERNEL32.DLL
0x00007ff88ba00000 - 0x00007ff88bdf1000 	C:\WINDOWS\System32\KERNELBASE.dll
0x00007ff88ab00000 - 0x00007ff88ac4b000 	C:\WINDOWS\System32\ucrtbase.dll
0x00007ff86bd90000 - 0x00007ff86bda8000 	C:\Users\marce\.vscode\extensions\redhat.java-1.53.0-win32-x64\jre\21.0.10-win32-x86_64\bin\jli.dll
0x00007ff88d590000 - 0x00007ff88d755000 	C:\WINDOWS\System32\USER32.dll
0x00007ff88adc0000 - 0x00007ff88ade7000 	C:\WINDOWS\System32\win32u.dll
0x00007ff88c690000 - 0x00007ff88c6bb000 	C:\WINDOWS\System32\GDI32.dll
0x00007ff88a940000 - 0x00007ff88aa6b000 	C:\WINDOWS\System32\gdi32full.dll
0x00007ff88b660000 - 0x00007ff88b703000 	C:\WINDOWS\System32\msvcp_win.dll
0x00007ff86d630000 - 0x00007ff86d64e000 	C:\Users\marce\.vscode\extensions\redhat.java-1.53.0-win32-x64\jre\21.0.10-win32-x86_64\bin\VCRUNTIME140.dll
0x00007ff870630000 - 0x00007ff8708c3000 	C:\WINDOWS\WinSxS\amd64_microsoft.windows.common-controls_6595b64144ccf1df_6.0.26100.8037_none_3e092faae333b53b\COMCTL32.dll
0x00007ff88d3d0000 - 0x00007ff88d479000 	C:\WINDOWS\System32\msvcrt.dll
0x00007ff88c580000 - 0x00007ff88c5b1000 	C:\WINDOWS\System32\IMM32.DLL
0x00007ff86bd80000 - 0x00007ff86bd8c000 	C:\Users\marce\.vscode\extensions\redhat.java-1.53.0-win32-x64\jre\21.0.10-win32-x86_64\bin\vcruntime140_1.dll
0x00007ff800040000 - 0x00007ff8000cd000 	C:\Users\marce\.vscode\extensions\redhat.java-1.53.0-win32-x64\jre\21.0.10-win32-x86_64\bin\msvcp140.dll
0x00007fffff240000 - 0x00007ffffffe1000 	C:\Users\marce\.vscode\extensions\redhat.java-1.53.0-win32-x64\jre\21.0.10-win32-x86_64\bin\server\jvm.dll
0x00007ff88c850000 - 0x00007ff88c90b000 	C:\WINDOWS\System32\ADVAPI32.dll
0x00007ff88d220000 - 0x00007ff88d2c7000 	C:\WINDOWS\System32\sechost.dll
0x00007ff88cbf0000 - 0x00007ff88cd08000 	C:\WINDOWS\System32\RPCRT4.dll
0x00007ff88dfa0000 - 0x00007ff88e014000 	C:\WINDOWS\System32\WS2_32.dll
0x00007ff88a7a0000 - 0x00007ff88a7fe000 	C:\WINDOWS\SYSTEM32\POWRPROF.dll
0x00007ff877cb0000 - 0x00007ff877ce5000 	C:\WINDOWS\SYSTEM32\WINMM.dll
0x00007ff883700000 - 0x00007ff88370b000 	C:\WINDOWS\SYSTEM32\VERSION.dll
0x00007ff88a780000 - 0x00007ff88a794000 	C:\WINDOWS\SYSTEM32\UMPDC.dll
0x00007ff8896a0000 - 0x00007ff8896bb000 	C:\WINDOWS\SYSTEM32\kernel.appcore.dll
0x00007ff86bd70000 - 0x00007ff86bd7a000 	C:\Users\marce\.vscode\extensions\redhat.java-1.53.0-win32-x64\jre\21.0.10-win32-x86_64\bin\jimage.dll
0x00007ff888810000 - 0x00007ff888a52000 	C:\WINDOWS\SYSTEM32\DBGHELP.DLL
0x00007ff88ce10000 - 0x00007ff88d192000 	C:\WINDOWS\System32\combase.dll
0x00007ff88d4b0000 - 0x00007ff88d587000 	C:\WINDOWS\System32\OLEAUT32.dll
0x00007ff86d480000 - 0x00007ff86d4bb000 	C:\WINDOWS\SYSTEM32\dbgcore.DLL
0x00007ff88ac50000 - 0x00007ff88acf5000 	C:\WINDOWS\System32\bcryptPrimitives.dll
0x00007ff8027c0000 - 0x00007ff8027e0000 	C:\Users\marce\.vscode\extensions\redhat.java-1.53.0-win32-x64\jre\21.0.10-win32-x86_64\bin\java.dll
0x00007ff88be10000 - 0x00007ff88c56f000 	C:\WINDOWS\System32\SHELL32.dll
0x00007ff88b710000 - 0x00007ff88b87a000 	C:\WINDOWS\System32\wintypes.dll
0x00007ff88adf0000 - 0x00007ff88b654000 	C:\WINDOWS\System32\windows.storage.dll
0x00007ff88cd10000 - 0x00007ff88ce07000 	C:\WINDOWS\System32\SHCORE.dll
0x00007ff88cb80000 - 0x00007ff88cbe7000 	C:\WINDOWS\System32\shlwapi.dll
0x00007ff88a860000 - 0x00007ff88a889000 	C:\WINDOWS\SYSTEM32\profapi.dll
0x00007ff800df0000 - 0x00007ff800e08000 	C:\Users\marce\.vscode\extensions\redhat.java-1.53.0-win32-x64\jre\21.0.10-win32-x86_64\bin\zip.dll
0x00007ff86bd50000 - 0x00007ff86bd60000 	C:\Users\marce\.vscode\extensions\redhat.java-1.53.0-win32-x64\jre\21.0.10-win32-x86_64\bin\net.dll
0x00007ff882110000 - 0x00007ff882237000 	C:\WINDOWS\SYSTEM32\WINHTTP.dll
0x00007ff889c20000 - 0x00007ff889c8b000 	C:\WINDOWS\system32\mswsock.dll
0x00007ff800dd0000 - 0x00007ff800de6000 	C:\Users\marce\.vscode\extensions\redhat.java-1.53.0-win32-x64\jre\21.0.10-win32-x86_64\bin\nio.dll
0x00007ff84abf0000 - 0x00007ff84ac00000 	C:\Users\marce\.vscode\extensions\redhat.java-1.53.0-win32-x64\jre\21.0.10-win32-x86_64\bin\verify.dll
0x00007ff855760000 - 0x00007ff85576e000 	C:\Users\marce\.vscode\extensions\redhat.java-1.53.0-win32-x64\jre\21.0.10-win32-x86_64\bin\sunmscapi.dll
0x00007ff88b880000 - 0x00007ff88b9f7000 	C:\WINDOWS\System32\CRYPT32.dll
0x00007ff88a140000 - 0x00007ff88a170000 	C:\WINDOWS\SYSTEM32\ncrypt.dll
0x00007ff88a0f0000 - 0x00007ff88a12f000 	C:\WINDOWS\SYSTEM32\NTASN1.dll
0x00007ff889f20000 - 0x00007ff889f3b000 	C:\WINDOWS\SYSTEM32\CRYPTSP.dll
0x00007ff889600000 - 0x00007ff889639000 	C:\WINDOWS\system32\rsaenh.dll
0x00007ff889cf0000 - 0x00007ff889d22000 	C:\WINDOWS\SYSTEM32\USERENV.dll
0x00007ff88a830000 - 0x00007ff88a85a000 	C:\WINDOWS\SYSTEM32\bcrypt.dll
0x00007ff889f40000 - 0x00007ff889f4c000 	C:\WINDOWS\SYSTEM32\CRYPTBASE.dll
0x00007ff888fa0000 - 0x00007ff888fd3000 	C:\WINDOWS\SYSTEM32\IPHLPAPI.DLL
0x00007ff88df90000 - 0x00007ff88df9a000 	C:\WINDOWS\System32\NSI.dll
0x00007ff8610e0000 - 0x00007ff8610ea000 	C:\Users\marce\.vscode\extensions\redhat.java-1.53.0-win32-x64\jre\21.0.10-win32-x86_64\bin\management.dll
0x00007ff855790000 - 0x00007ff85579c000 	C:\Users\marce\.vscode\extensions\redhat.java-1.53.0-win32-x64\jre\21.0.10-win32-x86_64\bin\management_ext.dll
0x00007ff88d760000 - 0x00007ff88d768000 	C:\WINDOWS\System32\PSAPI.DLL
0x00007ff889170000 - 0x00007ff88929a000 	C:\WINDOWS\SYSTEM32\DNSAPI.dll
0x00007ff881470000 - 0x00007ff88147b000 	C:\Windows\System32\rasadhlp.dll
0x00007ff87c750000 - 0x00007ff87c7d6000 	C:\WINDOWS\System32\fwpuclnt.dll
0x00007ff840e50000 - 0x00007ff840e59000 	C:\Users\marce\.vscode\extensions\redhat.java-1.53.0-win32-x64\jre\21.0.10-win32-x86_64\bin\extnet.dll
0x00007ff859310000 - 0x00007ff859318000 	C:\WINDOWS\system32\wshunix.dll

JVMTI agents: none

dbghelp: loaded successfully - version: 4.0.5 - missing functions: none
symbol engine: initialized successfully - sym options: 0x614 - pdb path: .;C:\Users\marce\.vscode\extensions\redhat.java-1.53.0-win32-x64\jre\21.0.10-win32-x86_64\bin;C:\WINDOWS\SYSTEM32;C:\WINDOWS\WinSxS\amd64_microsoft.windows.common-controls_6595b64144ccf1df_6.0.26100.8037_none_3e092faae333b53b;C:\Users\marce\.vscode\extensions\redhat.java-1.53.0-win32-x64\jre\21.0.10-win32-x86_64\bin\server

VM Arguments:
jvm_args: -XX:+ShowCodeDetailsInExceptionMessages 
java_command: com.simgan.SimganDemoApplication
java_class_path (initial): C:\Users\marce\Desktop\Simgan\SIMGAN\backend\target\classes;C:\Users\marce\.m2\repository\org\springframework\boot\spring-boot-starter-web\3.2.5\spring-boot-starter-web-3.2.5.jar;C:\Users\marce\.m2\repository\org\springframework\boot\spring-boot-starter\3.2.5\spring-boot-starter-3.2.5.jar;C:\Users\marce\.m2\repository\org\springframework\boot\spring-boot\3.2.5\spring-boot-3.2.5.jar;C:\Users\marce\.m2\repository\org\springframework\boot\spring-boot-autoconfigure\3.2.5\spring-boot-autoconfigure-3.2.5.jar;C:\Users\marce\.m2\repository\org\springframework\boot\spring-boot-starter-logging\3.2.5\spring-boot-starter-logging-3.2.5.jar;C:\Users\marce\.m2\repository\ch\qos\logback\logback-classic\1.4.14\logback-classic-1.4.14.jar;C:\Users\marce\.m2\repository\ch\qos\logback\logback-core\1.4.14\logback-core-1.4.14.jar;C:\Users\marce\.m2\repository\org\apache\logging\log4j\log4j-to-slf4j\2.21.1\log4j-to-slf4j-2.21.1.jar;C:\Users\marce\.m2\repository\org\apache\logging\log4j\log4j-api\2.21.1\log4j-api-2.21.1.jar;C:\Users\marce\.m2\repository\org\slf4j\jul-to-slf4j\2.0.13\jul-to-slf4j-2.0.13.jar;C:\Users\marce\.m2\repository\jakarta\annotation\jakarta.annotation-api\2.1.1\jakarta.annotation-api-2.1.1.jar;C:\Users\marce\.m2\repository\org\yaml\snakeyaml\2.2\snakeyaml-2.2.jar;C:\Users\marce\.m2\repository\org\springframework\boot\spring-boot-starter-json\3.2.5\spring-boot-starter-json-3.2.5.jar;C:\Users\marce\.m2\repository\com\fasterxml\jackson\datatype\jackson-datatype-jdk8\2.15.4\jackson-datatype-jdk8-2.15.4.jar;C:\Users\marce\.m2\repository\com\fasterxml\jackson\datatype\jackson-datatype-jsr310\2.15.4\jackson-datatype-jsr310-2.15.4.jar;C:\Users\marce\.m2\repository\com\fasterxml\jackson\module\jackson-module-parameter-names\2.15.4\jackson-module-parameter-names-2.15.4.jar;C:\Users\marce\.m2\repository\org\springframework\boot\spring-boot-starter-tomcat\3.2.5\spring-boot-starter-tomcat-3.2.5.jar;C:\Users\marce\.m2\repository\org\apache\tomcat\embed\tomcat-embed-core\10.1.20\tomcat-embed-core-10.1.20.jar;C:\Users\marce\.m2\repository\org\apache\tomcat\embed\tomcat-embed-websocket\10.1.20\tomcat-embed-websocket-10.1.20.jar;C:\Users\marce\.m2\repository\org\springframework\spring-web\6.1.6\spring-web-6.1.6.jar;C:\Users\marce\.m2\repository\org\springframework\spring-beans\6.1.6\spring-beans-6.1.6.jar;C:\Users\marce\.m2\repository\io\micrometer\micrometer-observation\1.12.5\micrometer-observation-1.12.5.jar;C:\Users\marce\.m2\repository\io\micrometer\micrometer-commons\1.12.5\micrometer-commons-1.12.5.jar;C:\Users\marce\.m2\repository\org\springframework\spring-webmvc\6.1.6\spring-webmvc-6.1.6.jar;C:\Users\marce\.m2\repository\org\springframework\spring-context\6.1.6\spring-context-6.1.6.jar;C:\Users\marce\.m2\repository\org\springframework\spring-expression\6.1.6\spring-expression-6.1.6.jar;C:\Users\marce\.m2\repository\org\springframework\boot\spring-boot-starter-data-jpa\3.2.5\spring-boot-starter-data-jpa-3.2.5.jar;C:\Users\marce\.m2\repository\org\springframework\boot\spring-boot-starter-aop\3.2.5\spring-boot-starter-aop-3.2.5.jar;C:\Users\marce\.m2\repository\org\aspectj\aspectjweaver\1.9.22\aspectjweaver-1.9.22.jar;C:\Users\marce\.m2\repository\org\springframework\boot\spring-boot-starter-jdbc\3.2.5\spring-boot-starter-jdbc-3.2.5.jar;C:\Users\marce\.m2\repository\com\zaxxer\HikariCP\5.0.1\HikariCP-5.0.1.jar;C:\Users\marce\.m2\repository\org\springframework\spring-jdbc\6.1.6\spring-jdbc-6.1.6.jar;C:\Users\marce\.m2\repository\org\hibernate\orm\hibernate-core\6.4.4.Final\hibernate-core-6.4.4.Final.jar;C:\Users\marce\.m2\repository\jakarta\persistence\jakarta.persistence-api\3.1.0\jakarta.persistence-api-3.1.0.jar;C:\Users\marce\.m2\repository\jakarta\transaction\jakarta.transaction-api\2.0.1\jakarta.transaction-api-2.0.1.jar;C:\Users\marce\.m2\repository\org\jboss\logging\jboss-logging\3.5.3.Final\jboss-logging-3.5.3.Final.jar;C:\Users\marce\.m2\repository\org\hibernate\common\hibernate-commons-annotations\6.0.6.Final\hibernate-commons-annotations-6.0.6.Final.jar;C:\Users\marce\.m2\repository\io\smallrye\jandex\3.1.2\jandex-3.1.2.jar;C:\Users\marce\.m2\repository\com\fasterxml\classmate\1.6.0\classmate-1.6.0.jar;C:\Users\marce\.m2\repository\net\bytebuddy\byte-buddy\1.14.13\byte-buddy-1.14.13.jar;C:\Users\marce\.m2\repository\org\glassfish\jaxb\jaxb-runtime\4.0.5\jaxb-runtime-4.0.5.jar;C:\Users\marce\.m2\repository\org\glassfish\jaxb\jaxb-core\4.0.5\jaxb-core-4.0.5.jar;C:\Users\marce\.m2\repository\org\eclipse\angus\angus-activation\2.0.2\angus-activation-2.0.2.jar;C:\Users\marce\.m2\repository\org\glassfish\jaxb\txw2\4.0.5\txw2-4.0.5.jar;C:\Users\marce\.m2\repository\com\sun\istack\istack-commons-runtime\4.1.2\istack-commons-runtime-4.1.2.jar;C:\Users\marce\.m2\repository\jakarta\inject\jakarta.inject-api\2.0.1\jakarta.inject-api-2.0.1.jar;C:\Users\marce\.m2\repository\org\antlr\antlr4-runtime\4.13.0\antlr4-runtime-4.13.0.jar;C:\Users\marce\.m2\repository\org\springframework\data\spring-data-jpa\3.2.5\spring-data-jpa-3.2.5.jar;C:\Users\marce\.m2\repository\org\springframework\data\spring-data-commons\3.2.5\spring-data-commons-3.2.5.jar;C:\Users\marce\.m2\repository\org\springframework\spring-orm\6.1.6\spring-orm-6.1.6.jar;C:\Users\marce\.m2\repository\org\springframework\spring-tx\6.1.6\spring-tx-6.1.6.jar;C:\Users\marce\.m2\repository\org\slf4j\slf4j-api\2.0.13\slf4j-api-2.0.13.jar;C:\Users\marce\.m2\repository\org\springframework\spring-aspects\6.1.6\spring-aspects-6.1.6.jar;C:\Users\marce\.m2\repository\org\postgresql\postgresql\42.6.2\postgresql-42.6.2.jar;C:\Users\marce\.m2\repository\org\checkerframework\checker-qual\3.31.0\checker-qual-3.31.0.jar;C:\Users\marce\.m2\repository\org\springframework\boot\spring-boot-starter-validation\3.2.5\spring-boot-starter-validation-3.2.5.jar;C:\Users\marce\.m2\repository\org\apache\tomcat\embed\tomcat-embed-el\10.1.20\tomcat-embed-el-10.1.20.jar;C:\Users\marce\.m2\repository\org\hibernate\validator\hibernate-validator\8.0.1.Final\hibernate-validator-8.0.1.Final.jar;C:\Users\marce\.m2\repository\jakarta\validation\jakarta.validation-api\3.0.2\jakarta.validation-api-3.0.2.jar;C:\Users\marce\.m2\repository\org\springframework\boot\spring-boot-starter-security\3.2.5\spring-boot-starter-security-3.2.5.jar;C:\Users\marce\.m2\repository\org\springframework\spring-aop\6.1.6\spring-aop-6.1.6.jar;C:\Users\marce\.m2\repository\org\springframework\security\spring-security-config\6.2.4\spring-security-config-6.2.4.jar;C:\Users\marce\.m2\repository\org\springframework\security\spring-security-core\6.2.4\spring-security-core-6.2.4.jar;C:\Users\marce\.m2\repository\org\springframework\security\spring-security-crypto\6.2.4\spring-security-crypto-6.2.4.jar;C:\Users\marce\.m2\repository\org\springframework\security\spring-security-web\6.2.4\spring-security-web-6.2.4.jar;C:\Users\marce\.m2\repository\io\jsonwebtoken\jjwt-api\0.11.5\jjwt-api-0.11.5.jar;C:\Users\marce\.m2\repository\io\jsonwebtoken\jjwt-impl\0.11.5\jjwt-impl-0.11.5.jar;C:\Users\marce\.m2\repository\io\jsonwebtoken\jjwt-jackson\0.11.5\jjwt-jackson-0.11.5.jar;C:\Users\marce\.m2\repository\org\projectlombok\lombok\1.18.32\lombok-1.18.32.jar;C:\Users\marce\.m2\repository\com\fasterxml\jackson\core\jackson-databind\2.15.4\jackson-databind-2.15.4.jar;C:\Users\marce\.m2\repository\com\fasterxml\jackson\core\jackson-annotations\2.15.4\jackson-annotations-2.15.4.jar;C:\Users\marce\.m2\repository\com\fasterxml\jackson\core\jackson-core\2.15.4\jackson-core-2.15.4.jar;C:\Users\marce\.m2\repository\com\squareup\okhttp3\okhttp\4.12.0\okhttp-4.12.0.jar;C:\Users\marce\.m2\repository\com\squareup\okio\okio\3.6.0\okio-3.6.0.jar;C:\Users\marce\.m2\repository\com\squareup\okio\okio-jvm\3.6.0\okio-jvm-3.6.0.jar;C:\Users\marce\.m2\repository\org\jetbrains\kotlin\kotlin-stdlib-common\1.9.23\kotlin-stdlib-common-1.9.23.jar;C:\Users\marce\.m2\repository\org\jetbrains\kotlin\kotlin-stdlib-jdk8\1.9.23\kotlin-stdlib-jdk8-1.9.23.jar;C:\Users\marce\.m2\repository\org\jetbrains\kotlin\kotlin-stdlib\1.9.23\kotlin-stdlib-1.9.23.jar;C:\Users\marce\.m2\repository\org\jetbrains\annotations\13.0\annotations-13.0.jar;C:\Users\marce\.m2\repository\org\jetbrains\kotlin\kotlin-stdlib-jdk7\1.9.23\kotlin-stdlib-jdk7-1.9.23.jar;C:\Users\marce\.m2\repository\javax\measure\unit-api\2.1.3\unit-api-2.1.3.jar;C:\Users\marce\.m2\repository\tech\units\indriya\2.1.3\indriya-2.1.3.jar;C:\Users\marce\.m2\repository\tech\uom\lib\uom-lib-common\2.1\uom-lib-common-2.1.jar;C:\Users\marce\.m2\repository\javax\inject\javax.inject\1\javax.inject-1.jar;C:\Users\marce\.m2\repository\org\apiguardian\apiguardian-api\1.1.1\apiguardian-api-1.1.1.jar;C:\Users\marce\.m2\repository\org\geotools\gt-main\31.1\gt-main-31.1.jar;C:\Users\marce\.m2\repository\org\geotools\gt-http\31.1\gt-http-31.1.jar;C:\Users\marce\.m2\repository\org\apache\commons\commons-text\1.12.0\commons-text-1.12.0.jar;C:\Users\marce\.m2\repository\com\google\re2j\re2j\1.6\re2j-1.6.jar;C:\Users\marce\.m2\repository\org\ejml\ejml-ddense\0.41\ejml-ddense-0.41.jar;C:\Users\marce\.m2\repository\org\ejml\ejml-core\0.41\ejml-core-0.41.jar;C:\Users\marce\.m2\repository\javax\media\jai_core\1.1.3\jai_core-1.1.3.jar;C:\Users\marce\.m2\repository\org\geotools\gt-geotiff\31.1\gt-geotiff-31.1.jar;C:\Users\marce\.m2\repository\it\geosolutions\imageio-ext\imageio-ext-tiff\1.4.10\imageio-ext-tiff-1.4.10.jar;C:\Users\marce\.m2\repository\it\geosolutions\imageio-ext\imageio-ext-utilities\1.4.10\imageio-ext-utilities-1.4.10.jar;C:\Users\marce\.m2\repository\it\geosolutions\imageio-ext\imageio-ext-geocore\1.4.10\imageio-ext-geocore-1.4.10.jar;C:\Users\marce\.m2\repository\it\geosolutions\imageio-ext\imageio-ext-streams\1.4.10\imageio-ext-streams-1.4.10.jar;C:\Users\marce\.m2\repository\javax\xml\bind\jaxb-api\2.4.0-b180830.0359\jaxb-api-2.4.0-b180830.0359.jar;C:\Users\marce\.m2\repository\javax\activation\javax.activation-api\1.2.0\javax.activation-api-1.2.0.jar;C:\Users\marce\.m2\repository\io\airlift\aircompressor\0.20\aircompressor-0.20.jar;C:\Users\marce\.m2\repository\javax\media\jai_codec\1.1.3\jai_codec-1.1.3.jar;C:\Users\marce\.m2\repository\it\geosolutions\imageio-ext\imageio-ext-cog-reader\1.4.10\imageio-ext-cog-reader-1.4.10.jar;C:\Users\marce\.m2\repository\it\geosolutions\imageio-ext\imageio-ext-cog-commons\1.4.10\imageio-ext-cog-commons-1.4.10.jar;C:\Users\marce\.m2\repository\it\geosolutions\imageio-ext\imageio-ext-cog-streams\1.4.10\imageio-ext-cog-streams-1.4.10.jar;C:\Users\marce\.m2\repository\org\ehcache\ehcache\3.10.8\ehcache-3.10.8.jar;C:\Users\marce\.m2\repository\javax\cache\cache-api\1.1.1\cache-api-1.1.1.jar;C:\Users\marce\.m2\repository\org\geotools\gt-coverage\31.1\gt-coverage-31.1.jar;C:\Users\marce\.m2\repository\org\jaitools\jt-zonalstats\1.6.0\jt-zonalstats-1.6.0.jar;C:\Users\marce\.m2\repository\org\jaitools\jt-utils\1.6.0\jt-utils-1.6.0.jar;C:\Users\marce\.m2\repository\it\geosolutions\jaiext\affine\jt-affine\1.1.25\jt-affine-1.1.25.jar;C:\Users\marce\.m2\repository\it\geosolutions\jaiext\algebra\jt-algebra\1.1.25\jt-algebra-1.1.25.jar;C:\Users\marce\.m2\repository\it\geosolutions\jaiext\bandmerge\jt-bandmerge\1.1.25\jt-bandmerge-1.1.25.jar;C:\Users\marce\.m2\repository\it\geosolutions\jaiext\bandselect\jt-bandselect\1.1.25\jt-bandselect-1.1.25.jar;C:\Users\marce\.m2\repository\it\geosolutions\jaiext\bandcombine\jt-bandcombine\1.1.25\jt-bandcombine-1.1.25.jar;C:\Users\marce\.m2\repository\it\geosolutions\jaiext\border\jt-border\1.1.25\jt-border-1.1.25.jar;C:\Users\marce\.m2\repository\it\geosolutions\jaiext\buffer\jt-buffer\1.1.25\jt-buffer-1.1.25.jar;C:\Users\marce\.m2\repository\it\geosolutions\jaiext\crop\jt-crop\1.1.25\jt-crop-1.1.25.jar;C:\Users\marce\.m2\repository\it\geosolutions\jaiext\iterators\jt-iterators\1.1.25\jt-iterators-1.1.25.jar;C:\Users\marce\.m2\repository\it\geosolutions\jaiext\lookup\jt-lookup\1.1.25\jt-lookup-1.1.25.jar;C:\Users\marce\.m2\repository\it\geosolutions\jaiext\mosaic\jt-mosaic\1.1.25\jt-mosaic-1.1.25.jar;C:\Users\marce\.m2\repository\it\geosolutions\jaiext\nullop\jt-nullop\1.1.25\jt-nullop-1.1.25.jar;C:\Users\marce\.m2\repository\it\geosolutions\jaiext\rescale\jt-rescale\1.1.25\jt-rescale-1.1.25.jar;C:\Users\marce\.m2\repository\it\geosolutions\jaiext\scale\jt-scale\1.1.25\jt-scale-1.1.25.jar;C:\Users\marce\.m2\repository\it\geosolutions\jaiext\scale2\jt-scale2\1.1.25\jt-scale2-1.1.25.jar;C:\Users\marce\.m2\repository\org\huldra\math\bigint\0.7.1\bigint-0.7.1.jar;C:\Users\marce\.m2\repository\it\geosolutions\jaiext\stats\jt-stats\1.1.25\jt-stats-1.1.25.jar;C:\Users\marce\.m2\repository\com\google\guava\guava\32.0.0-jre\guava-32.0.0-jre.jar;C:\Users\marce\.m2\repository\com\google\guava\failureaccess\1.0.1\failureaccess-1.0.1.jar;C:\Users\marce\.m2\repository\com\google\guava\listenablefuture\9999.0-empty-to-avoid-conflict-with-guava\listenablefuture-9999.0-empty-to-avoid-conflict-with-guava.jar;C:\Users\marce\.m2\repository\com\google\code\findbugs\jsr305\3.0.2\jsr305-3.0.2.jar;C:\Users\marce\.m2\repository\com\google\errorprone\error_prone_annotations\2.18.0\error_prone_annotations-2.18.0.jar;C:\Users\marce\.m2\repository\com\google\j2objc\j2objc-annotations\2.8\j2objc-annotations-2.8.jar;C:\Users\marce\.m2\repository\it\geosolutions\jaiext\translate\jt-translate\1.1.25\jt-translate-1.1.25.jar;C:\Users\marce\.m2\repository\it\geosolutions\jaiext\utilities\jt-utilities\1.1.25\jt-utilities-1.1.25.jar;C:\Users\marce\.m2\repository\it\geosolutions\jaiext\warp\jt-warp\1.1.25\jt-warp-1.1.25.jar;C:\Users\marce\.m2\repository\it\geosolutions\jaiext\zonal\jt-zonal\1.1.25\jt-zonal-1.1.25.jar;C:\Users\marce\.m2\repository\it\geosolutions\jaiext\binarize\jt-binarize\1.1.25\jt-binarize-1.1.25.jar;C:\Users\marce\.m2\repository\it\geosolutions\jaiext\format\jt-format\1.1.25\jt-format-1.1.25.jar;C:\Users\marce\.m2\repository\it\geosolutions\jaiext\colorconvert\jt-colorconvert\1.1.25\jt-colorconvert-1.1.25.jar;C:\Users\marce\.m2\repository\it\geosolutions\jaiext\errordiffusion\jt-errordiffusion\1.1.25\jt-errordiffusion-1.1.25.jar;C:\Users\marce\.m2\repository\it\geosolutions\jaiext\orderdither\jt-orderdither\1.1.25\jt-orderdither-1.1.25.jar;C:\Users\marce\.m2\repository\it\geosolutions\jaiext\colorindexer\jt-colorindexer\1.1.25\jt-colorindexer-1.1.25.jar;C:\Users\marce\.m2\repository\it\geosolutions\jaiext\imagefunction\jt-imagefunction\1.1.25\jt-imagefunction-1.1.25.jar;C:\Users\marce\.m2\repository\it\geosolutions\jaiext\piecewise\jt-piecewise\1.1.25\jt-piecewise-1.1.25.jar;C:\Users\marce\.m2\repository\it\geosolutions\jaiext\classifier\jt-classifier\1.1.25\jt-classifier-1.1.25.jar;C:\Users\marce\.m2\repository\it\geosolutions\jaiext\rlookup\jt-rlookup\1.1.25\jt-rlookup-1.1.25.jar;C:\Users\marce\.m2\repository\it\geosolutions\jaiext\vectorbin\jt-vectorbin\1.1.25\jt-vectorbin-1.1.25.jar;C:\Users\marce\.m2\repository\it\geosolutions\jaiext\shadedrelief\jt-shadedrelief\1.1.25\jt-shadedrelief-1.1.25.jar;C:\Users\marce\.m2\repository\commons-io\commons-io\2.16.1\commons-io-2.16.1.jar;C:\Users\marce\.m2\repository\org\geotools\gt-epsg-hsql\31.1\gt-epsg-hsql-31.1.jar;C:\Users\marce\.m2\repository\org\hsqldb\hsqldb\2.7.2\hsqldb-2.7.2.jar;C:\Users\marce\.m2\repository\org\geotools\gt-referencing\31.1\gt-referencing-31.1.jar;C:\Users\marce\.m2\repository\commons-pool\commons-pool\1.6\commons-pool-1.6.jar;C:\Users\marce\.m2\repository\it\geosolutions\jgridshift\jgridshift-core\1.3\jgridshift-core-1.3.jar;C:\Users\marce\.m2\repository\net\sf\geographiclib\GeographicLib-Java\1.49\GeographicLib-Java-1.49.jar;C:\Users\marce\.m2\repository\org\geotools\gt-metadata\31.1\gt-metadata-31.1.jar;C:\Users\marce\.m2\repository\org\geotools\gt-api\31.1\gt-api-31.1.jar;C:\Users\marce\.m2\repository\systems\uom\systems-common\2.1\systems-common-2.1.jar;C:\Users\marce\.m2\repository\si\uom\si-quantity\2.1\si-quantity-2.1.jar;C:\Users\marce\.m2\repository\si\uom\si-units\2.1\si-units-2.1.jar;C:\Users\marce\.m2\repository\org\apache\commons\commons-lang3\3.13.0\commons-lang3-3.13.0.jar;C:\Users\marce\.m2\repository\org\geotools\ogc\net.opengis.ows\31.1\net.opengis.ows-31.1.jar;C:\Users\marce\.m2\repository\org\geotools\ogc\org.w3.xlink\31.1\org.w3.xlink-31.1.jar;C:\Users\marce\.m2\repository\org\eclipse\emf\org.eclipse.emf.common\2.15.0\org.eclipse.emf.common-2.15.0.jar;C:\Users\marce\.m2\repository\org\eclipse\emf\org.eclipse.emf.ecore\2.15.0\org.eclipse.emf.ecore-2.15.0.jar;C:\Users\marce\.m2\repository\org\eclipse\emf\org.eclipse.emf.ecore.xmi\2.15.0\org.eclipse.emf.ecore.xmi-2.15.0.jar;C:\Users\marce\.m2\repository\org\locationtech\jts\jts-core\1.19.0\jts-core-1.19.0.jar;C:\Users\marce\.m2\repository\org\locationtech\jts\io\jts-io-common\1.19.0\jts-io-common-1.19.0.jar;C:\Users\marce\.m2\repository\com\googlecode\json-simple\json-simple\1.1.1\json-simple-1.1.1.jar;C:\Users\marce\.m2\repository\org\springframework\integration\spring-integration-mqtt\6.2.4\spring-integration-mqtt-6.2.4.jar;C:\Users\marce\.m2\repository\org\springframework\integration\spring-integration-core\6.2.4\spring-integration-core-6.2.4.jar;C:\Users\marce\.m2\repository\org\springframework\spring-messaging\6.1.6\spring-messaging-6.1.6.jar;C:\Users\marce\.m2\repository\org\springframework\retry\spring-retry\2.0.5\spring-retry-2.0.5.jar;C:\Users\marce\.m2\repository\io\projectreactor\reactor-core\3.6.5\reactor-core-3.6.5.jar;C:\Users\marce\.m2\repository\org\reactivestreams\reactive-streams\1.0.4\reactive-streams-1.0.4.jar;C:\Users\marce\.m2\repository\org\eclipse\paho\org.eclipse.paho.client.mqttv3\1.2.5\org.eclipse.paho.client.mqttv3-1.2.5.jar;C:\Users\marce\.m2\repository\com\github\jai-imageio\jai-imageio-jpeg2000\1.4.0\jai-imageio-jpeg2000-1.4.0.jar;C:\Users\marce\.m2\repository\com\github\jai-imageio\jai-imageio-core\1.4.0\jai-imageio-core-1.4.0.jar;C:\Users\marce\.m2\repository\jakarta\xml\bind\jakarta.xml.bind-api\4.0.2\jakarta.xml.bind-api-4.0.2.jar;C:\Users\marce\.m2\repository\jakarta\activation\jakarta.activation-api\2.1.3\jakarta.activation-api-2.1.3.jar;C:\Users\marce\.m2\repository\org\springframework\spring-core\6.1.6\spring-core-6.1.6.jar;C:\Users\marce\.m2\repository\org\springframework\spring-jcl\6.1.6\spring-jcl-6.1.6.jar;C:\Users\marce\.m2\repository\me\paulschwarz\spring-dotenv\4.0.0\spring-dotenv-4.0.0.jar;C:\Users\marce\.m2\repository\io\github\cdimascio\dotenv-java\3.0.0\dotenv-java-3.0.0.jar
Launcher Type: SUN_STANDARD

[Global flags]
     intx CICompilerCount                          = 4                                         {product} {ergonomic}
     uint ConcGCThreads                            = 2                                         {product} {ergonomic}
     uint G1ConcRefinementThreads                  = 8                                         {product} {ergonomic}
   size_t G1HeapRegionSize                         = 1048576                                   {product} {ergonomic}
    uintx GCDrainStackTargetSize                   = 64                                        {product} {ergonomic}
   size_t InitialHeapSize                          = 132120576                                 {product} {ergonomic}
   size_t MarkStackSize                            = 4194304                                   {product} {ergonomic}
   size_t MaxHeapSize                              = 2105540608                                {product} {ergonomic}
   size_t MaxNewSize                               = 1262485504                                {product} {ergonomic}
   size_t MinHeapDeltaBytes                        = 1048576                                   {product} {ergonomic}
   size_t MinHeapSize                              = 8388608                                   {product} {ergonomic}
    uintx NonNMethodCodeHeapSize                   = 5839372                                {pd product} {ergonomic}
    uintx NonProfiledCodeHeapSize                  = 122909434                              {pd product} {ergonomic}
    uintx ProfiledCodeHeapSize                     = 122909434                              {pd product} {ergonomic}
    uintx ReservedCodeCacheSize                    = 251658240                              {pd product} {ergonomic}
     bool SegmentedCodeCache                       = true                                      {product} {ergonomic}
     bool ShowCodeDetailsInExceptionMessages       = true                                   {manageable} {command line}
   size_t SoftMaxHeapSize                          = 2105540608                             {manageable} {ergonomic}
     bool UseCompressedOops                        = true                           {product lp64_product} {ergonomic}
     bool UseG1GC                                  = true                                      {product} {ergonomic}
     bool UseLargePagesIndividualAllocation        = false                                  {pd product} {ergonomic}

Logging:
Log output configuration:
 #0: stdout all=warning uptime,level,tags foldmultilines=false
 #1: stderr all=off uptime,level,tags foldmultilines=false

Release file:
JAVA_VERSION="21.0.10" 
MODULES="java.base java.compiler java.datatransfer java.xml java.prefs java.desktop java.instrument java.logging java.management java.security.sasl java.naming java.rmi java.management.rmi java.net.http java.scripting java.security.jgss java.transaction.xa java.sql java.sql.rowset java.xml.crypto java.se java.smartcardio jdk.accessibility jdk.internal.jvmstat jdk.attach jdk.charsets jdk.internal.opt jdk.zipfs jdk.compiler jdk.crypto.ec jdk.crypto.cryptoki jdk.crypto.mscapi jdk.dynalink jdk.internal.ed jdk.editpad jdk.hotspot.agent jdk.httpserver jdk.internal.le jdk.internal.vm.ci jdk.internal.vm.compiler jdk.internal.vm.compiler.management jdk.jartool jdk.javadoc jdk.jcmd jdk.management jdk.management.agent jdk.jconsole jdk.jdeps jdk.jdwp.agent jdk.jdi jdk.jfr jdk.jshell jdk.jsobject jdk.jstatd jdk.localedata jdk.management.jfr jdk.naming.dns jdk.naming.rmi jdk.net jdk.nio.mapmode jdk.random jdk.sctp jdk.security.auth jdk.security.jgss jdk.unsupported jdk.unsupported.desktop jdk.xml.dom" 

Environment Variables:
PATH=c:\Users\marce\AppData\Roaming\Code\User\globalStorage\github.copilot-chat\debugCommand;c:\Users\marce\AppData\Roaming\Code\User\globalStorage\github.copilot-chat\copilotCli;C:\Users\marce\AppData\Local\Programs\Microsoft VS Code;C:\Python313\Scripts\;C:\Python313\;C:\Program Files\Common Files\Oracle\Java\javapath;C:\Windows\system32;C:\Windows;C:\Windows\System32\Wbem;C:\Windows\System32\WindowsPowerShell\v1.0\;C:\Windows\System32\OpenSSH\;C:\Program Files (x86)\NVIDIA Corporation\PhysX\Common;C:\Program Files\NVIDIA Corporation\NVIDIA NvDLISR;C:\Program Files\Git\cmd;C:\WINDOWS\system32;C:\WINDOWS;C:\WINDOWS\System32\Wbem;C:\WINDOWS\System32\WindowsPowerShell\v1.0\;C:\WINDOWS\System32\OpenSSH\;C:\ProgramData\chocolatey\bin;C:\Program Files\nodejs\;C:\Program Files\swipl\bin;C:\Program Files\Docker\Docker\resources\bin;C:\Program Files\dotnet\;C:\Users\marce\AppData\Local\Microsoft\WindowsApps;C:\Users\marce\AppData\Local\Programs\Microsoft VS Code\bin;C:\Users\marce\AppData\Local\GitHubDesktop\bin;C:\Users\marce\AppData\Roaming\npm;C:\Program Files\nodejs\node.exe;C:\Program Files\nodejs\npm;C:\Program Files\PostgreSQL\16\bin;c:\Users\marce\.vscode\extensions\ms-python.debugpy-2025.18.0-win32-x64\bundled\scripts\noConfigScriptsc:\Users\marce\.vscode\extensions\vscjava.vscode-java-debug-0.58.5\bundled\scripts\noConfigScripts
USERNAME=marce
LANG=en_US.UTF-8
OS=Windows_NT
PROCESSOR_IDENTIFIER=Intel64 Family 6 Model 165 Stepping 2, GenuineIntel
TMP=C:\Users\marce\AppData\Local\Temp
TEMP=C:\Users\marce\AppData\Local\Temp




Periodic native trim disabled

---------------  S Y S T E M  ---------------

OS:
 Windows 11 , 64 bit Build 26100 (10.0.26100.7920)
OS uptime: 0 days 18:17 hours
Hyper-V role detected

CPU: total 8 (initial active 8) (4 cores per cpu, 2 threads per core) family 6 model 165 stepping 2 microcode 0xe0, cx8, cmov, fxsr, ht, mmx, 3dnowpref, sse, sse2, sse3, ssse3, sse4.1, sse4.2, popcnt, lzcnt, tsc, tscinvbit, avx, avx2, aes, erms, clmul, bmi1, bmi2, adx, fma, vzeroupper, clflush, clflushopt, hv, rdtscp, f16c
Processor Information for the first 8 processors :
  Max Mhz: 2496, Current Mhz: 2496, Mhz Limit: 2496

Memory: 4k page, system-wide physical 8029M (1284M free)
TotalPageFile size 23335M (AvailPageFile size 4M)
current process WorkingSet (physical memory assigned to process): 179M, peak: 354M
current process commit charge ("private bytes"): 1289M, peak: 1299M

vm_info: OpenJDK 64-Bit Server VM (21.0.10+7-LTS) for windows-amd64 JRE (21.0.10+7-LTS), built on 2026-01-20T00:00:00Z by "admin" with MS VC++ 17.12 (VS2022)

END.
